round,shortname,attackers,victims,firstBloodTeamId,firstBloodTimestamp
0,APT-Finals-1,0,0,,
0,Diese-1,0,0,,
0,Diese-2,0,0,,
0,CookingNonna,0,0,,
0,APT-Finals-2,0,0,,
0,duogesto,0,0,,
0,fonograph,0,0,,
0,Sanromolo,0,0,,
1,APT-Finals-1,0,0,,
1,CookingNonna,0,0,,
1,Diese-1,0,0,,
1,APT-Finals-2,0,0,,
1,Diese-2,0,0,,
1,duogesto,0,0,,
1,fonograph,0,0,,
1,Sanromolo,0,0,,
2,APT-Finals-1,0,0,,
2,Diese-1,6,1,20,2024-10-10T09:02:01.279Z
2,APT-Finals-2,0,0,,
2,CookingNonna,0,0,,
2,Diese-2,0,0,,
2,duogesto,1,35,11,2024-10-10T09:03:16.013Z
2,fonograph,0,0,,
2,Sanromolo,0,0,,
3,APT-Finals-1,0,0,,
3,CookingNonna,0,0,,
3,APT-Finals-2,0,0,,
3,Diese-2,0,0,,
3,Diese-1,7,1,20,2024-10-10T09:02:01.279Z
3,duogesto,1,35,11,2024-10-10T09:03:16.013Z
3,Sanromolo,0,0,,
3,fonograph,0,0,,
4,APT-Finals-1,0,0,,
4,APT-Finals-2,0,0,,
4,CookingNonna,0,0,,
4,Diese-1,6,2,20,2024-10-10T09:02:01.279Z
4,Diese-2,0,0,,
4,duogesto,1,34,11,2024-10-10T09:03:16.013Z
4,fonograph,0,0,,
4,Sanromolo,0,0,,
5,APT-Finals-1,0,0,,
5,APT-Finals-2,0,0,,
5,CookingNonna,0,0,,
5,Diese-1,6,3,20,2024-10-10T09:02:01.279Z
5,Diese-2,0,0,,
5,duogesto,1,30,11,2024-10-10T09:03:16.013Z
5,Sanromolo,0,0,,
5,fonograph,0,0,,
6,APT-Finals-1,0,0,,
6,CookingNonna,0,0,,
6,Diese-2,0,0,,
6,Diese-1,9,3,20,2024-10-10T09:02:01.279Z
6,APT-Finals-2,0,0,,
6,duogesto,1,33,11,2024-10-10T09:03:16.013Z
6,fonograph,0,0,,
6,Sanromolo,0,0,,
7,APT-Finals-1,0,0,,
7,APT-Finals-2,0,0,,
7,Diese-2,0,0,,
7,CookingNonna,0,0,,
7,Diese-1,8,3,20,2024-10-10T09:02:01.279Z
7,duogesto,2,35,11,2024-10-10T09:03:16.013Z
7,fonograph,0,0,,
7,Sanromolo,0,0,,
8,APT-Finals-1,0,0,,
8,Diese-1,9,2,20,2024-10-10T09:02:01.279Z
8,Diese-2,0,0,,
8,CookingNonna,0,0,,
8,APT-Finals-2,0,0,,
8,duogesto,2,34,11,2024-10-10T09:03:16.013Z
8,fonograph,0,0,,
8,Sanromolo,0,0,,
9,APT-Finals-1,0,0,,
9,APT-Finals-2,0,0,,
9,Diese-1,8,2,20,2024-10-10T09:02:01.279Z
9,Diese-2,0,0,,
9,CookingNonna,0,0,,
9,duogesto,3,35,11,2024-10-10T09:03:16.013Z
9,fonograph,0,0,,
9,Sanromolo,0,0,,
10,APT-Finals-1,0,0,,
10,Diese-1,9,1,20,2024-10-10T09:02:01.279Z
10,CookingNonna,0,0,,
10,Diese-2,0,0,,
10,APT-Finals-2,0,0,,
10,duogesto,4,35,11,2024-10-10T09:03:16.013Z
10,fonograph,1,31,20,2024-10-10T09:19:01.906Z
10,Sanromolo,0,0,,
11,APT-Finals-1,0,0,,
11,Diese-2,0,0,,
11,APT-Finals-2,0,0,,
11,CookingNonna,0,0,,
11,Diese-1,7,33,20,2024-10-10T09:02:01.279Z
11,duogesto,4,34,11,2024-10-10T09:03:16.013Z
11,fonograph,2,31,20,2024-10-10T09:19:01.906Z
11,Sanromolo,0,0,,
12,APT-Finals-1,0,0,,
12,APT-Finals-2,0,0,,
12,Diese-1,9,32,20,2024-10-10T09:02:01.279Z
12,CookingNonna,0,0,,
12,Diese-2,0,0,,
12,duogesto,4,33,11,2024-10-10T09:03:16.013Z
12,fonograph,2,33,20,2024-10-10T09:19:01.906Z
12,Sanromolo,0,0,,
13,APT-Finals-1,0,0,,
13,CookingNonna,0,0,,
13,Diese-2,0,0,,
13,APT-Finals-2,0,0,,
13,Diese-1,9,32,20,2024-10-10T09:02:01.279Z
13,duogesto,6,34,11,2024-10-10T09:03:16.013Z
13,fonograph,2,31,20,2024-10-10T09:19:01.906Z
13,Sanromolo,0,0,,
14,APT-Finals-1,0,0,,
14,APT-Finals-2,0,0,,
14,Diese-2,0,0,,
14,Diese-1,10,32,20,2024-10-10T09:02:01.279Z
14,CookingNonna,0,0,,
14,duogesto,7,35,11,2024-10-10T09:03:16.013Z
14,fonograph,2,33,20,2024-10-10T09:19:01.906Z
14,Sanromolo,0,0,,
15,APT-Finals-1,0,0,,
15,APT-Finals-2,0,0,,
15,Diese-2,0,0,,
15,Diese-1,10,30,20,2024-10-10T09:02:01.279Z
15,CookingNonna,0,0,,
15,duogesto,8,35,11,2024-10-10T09:03:16.013Z
15,Sanromolo,0,0,,
15,fonograph,2,32,20,2024-10-10T09:19:01.906Z
16,APT-Finals-1,0,0,,
16,CookingNonna,0,0,,
16,Diese-1,10,30,20,2024-10-10T09:02:01.279Z
16,APT-Finals-2,0,0,,
16,Diese-2,0,0,,
16,duogesto,10,34,11,2024-10-10T09:03:16.013Z
16,fonograph,2,33,20,2024-10-10T09:19:01.906Z
16,Sanromolo,0,0,,
17,APT-Finals-1,0,0,,
17,APT-Finals-2,0,0,,
17,Diese-1,11,30,20,2024-10-10T09:02:01.279Z
17,Diese-2,0,0,,
17,CookingNonna,0,0,,
17,Sanromolo,0,0,,
154,APT-Finals-1,0,0,,
154,duogesto,32,16,11,2024-10-10T09:03:16.013Z
158,Diese-1,30,9,20,2024-10-10T09:02:01.279Z
164,APT-Finals-1,0,0,,
164,duogesto,33,15,11,2024-10-10T09:03:16.013Z
169,CookingNonna,6,35,15,2024-10-10T11:33:10.113Z
169,APT-Finals-2,12,27,3,2024-10-10T11:07:23.488Z
169,fonograph,27,18,20,2024-10-10T09:19:01.906Z
174,APT-Finals-2,13,25,3,2024-10-10T11:07:23.488Z
174,fonograph,27,18,20,2024-10-10T09:19:01.906Z
179,APT-Finals-2,12,24,3,2024-10-10T11:07:23.488Z
179,fonograph,28,18,20,2024-10-10T09:19:01.906Z
184,CookingNonna,7,34,15,2024-10-10T11:33:10.113Z
184,fonograph,28,18,20,2024-10-10T09:19:01.906Z
17,duogesto,14,35,11,2024-10-10T09:03:16.013Z
154,APT-Finals-2,12,26,3,2024-10-10T11:07:23.488Z
154,Sanromolo,4,29,27,2024-10-10T11:10:45.976Z
159,APT-Finals-1,0,0,,
159,duogesto,33,14,11,2024-10-10T09:03:16.013Z
164,Diese-1,31,9,20,2024-10-10T09:02:01.279Z
169,Diese-2,0,0,,
174,Diese-2,0,0,,
179,Diese-2,0,0,,
179,Sanromolo,6,32,27,2024-10-10T11:10:45.976Z
184,Diese-1,32,9,20,2024-10-10T09:02:01.279Z
17,fonograph,2,32,20,2024-10-10T09:19:01.906Z
18,APT-Finals-1,0,0,,
18,APT-Finals-2,0,0,,
18,Diese-2,0,0,,
18,Diese-1,9,31,20,2024-10-10T09:02:01.279Z
18,CookingNonna,0,0,,
18,duogesto,18,33,11,2024-10-10T09:03:16.013Z
18,fonograph,2,32,20,2024-10-10T09:19:01.906Z
18,Sanromolo,0,0,,
19,APT-Finals-1,0,0,,
19,Diese-2,0,0,,
19,Diese-1,4,27,20,2024-10-10T09:02:01.279Z
19,CookingNonna,0,0,,
19,APT-Finals-2,0,0,,
19,duogesto,18,34,11,2024-10-10T09:03:16.013Z
19,fonograph,3,33,20,2024-10-10T09:19:01.906Z
19,Sanromolo,0,0,,
20,APT-Finals-1,0,0,,
20,APT-Finals-2,0,0,,
20,CookingNonna,0,0,,
20,Diese-2,0,0,,
20,Diese-1,3,28,20,2024-10-10T09:02:01.279Z
20,duogesto,18,33,11,2024-10-10T09:03:16.013Z
20,Sanromolo,0,0,,
20,fonograph,3,32,20,2024-10-10T09:19:01.906Z
21,APT-Finals-1,0,0,,
21,APT-Finals-2,0,0,,
21,Diese-1,3,27,20,2024-10-10T09:02:01.279Z
21,CookingNonna,0,0,,
21,Diese-2,0,0,,
21,duogesto,17,33,11,2024-10-10T09:03:16.013Z
21,fonograph,3,31,20,2024-10-10T09:19:01.906Z
21,Sanromolo,0,0,,
22,APT-Finals-1,0,0,,
22,CookingNonna,0,0,,
22,APT-Finals-2,0,0,,
22,Diese-2,0,0,,
22,Diese-1,2,27,20,2024-10-10T09:02:01.279Z
22,duogesto,19,32,11,2024-10-10T09:03:16.013Z
22,fonograph,3,31,20,2024-10-10T09:19:01.906Z
22,Sanromolo,0,0,,
23,APT-Finals-1,0,0,,
23,APT-Finals-2,0,0,,
23,Diese-1,2,32,20,2024-10-10T09:02:01.279Z
23,Diese-2,0,0,,
23,CookingNonna,0,0,,
23,duogesto,19,30,11,2024-10-10T09:03:16.013Z
23,fonograph,4,31,20,2024-10-10T09:19:01.906Z
23,Sanromolo,0,0,,
24,APT-Finals-1,0,0,,
24,APT-Finals-2,0,0,,
24,Diese-2,0,0,,
24,CookingNonna,0,0,,
24,Diese-1,4,31,20,2024-10-10T09:02:01.279Z
24,duogesto,19,31,11,2024-10-10T09:03:16.013Z
24,Sanromolo,0,0,,
24,fonograph,4,31,20,2024-10-10T09:19:01.906Z
25,APT-Finals-1,0,0,,
25,APT-Finals-2,0,0,,
25,CookingNonna,0,0,,
25,Diese-2,0,0,,
25,Diese-1,4,31,20,2024-10-10T09:02:01.279Z
25,duogesto,20,31,11,2024-10-10T09:03:16.013Z
25,fonograph,4,30,20,2024-10-10T09:19:01.906Z
25,Sanromolo,0,0,,
26,APT-Finals-1,0,0,,
26,APT-Finals-2,0,0,,
26,CookingNonna,0,0,,
26,Diese-1,5,30,20,2024-10-10T09:02:01.279Z
26,Diese-2,0,0,,
26,duogesto,21,29,11,2024-10-10T09:03:16.013Z
26,Sanromolo,0,0,,
26,fonograph,4,30,20,2024-10-10T09:19:01.906Z
27,APT-Finals-1,0,0,,
27,APT-Finals-2,0,0,,
27,CookingNonna,0,0,,
27,Diese-1,6,30,20,2024-10-10T09:02:01.279Z
27,Diese-2,0,0,,
27,duogesto,21,29,11,2024-10-10T09:03:16.013Z
27,fonograph,4,30,20,2024-10-10T09:19:01.906Z
27,Sanromolo,0,0,,
28,APT-Finals-1,0,0,,
28,APT-Finals-2,0,0,,
28,Diese-1,6,30,20,2024-10-10T09:02:01.279Z
28,CookingNonna,0,0,,
28,Diese-2,0,0,,
28,duogesto,21,29,11,2024-10-10T09:03:16.013Z
28,Sanromolo,0,0,,
28,fonograph,5,33,20,2024-10-10T09:19:01.906Z
29,APT-Finals-1,0,0,,
29,CookingNonna,0,0,,
29,Diese-2,0,0,,
29,APT-Finals-2,0,0,,
29,Diese-1,6,30,20,2024-10-10T09:02:01.279Z
29,duogesto,22,28,11,2024-10-10T09:03:16.013Z
29,Sanromolo,0,0,,
29,fonograph,5,33,20,2024-10-10T09:19:01.906Z
30,APT-Finals-1,0,0,,
30,APT-Finals-2,0,0,,
30,Diese-2,0,0,,
30,CookingNonna,0,0,,
30,Diese-1,6,30,20,2024-10-10T09:02:01.279Z
30,duogesto,22,28,11,2024-10-10T09:03:16.013Z
30,fonograph,5,34,20,2024-10-10T09:19:01.906Z
30,Sanromolo,0,0,,
31,APT-Finals-1,0,0,,
31,Diese-1,7,28,20,2024-10-10T09:02:01.279Z
31,APT-Finals-2,0,0,,
31,CookingNonna,0,0,,
31,Diese-2,0,0,,
31,duogesto,24,27,11,2024-10-10T09:03:16.013Z
31,fonograph,5,34,20,2024-10-10T09:19:01.906Z
31,Sanromolo,0,0,,
32,APT-Finals-1,0,0,,
32,CookingNonna,0,0,,
32,APT-Finals-2,0,0,,
32,Diese-1,9,25,20,2024-10-10T09:02:01.279Z
32,Diese-2,0,0,,
32,duogesto,23,26,11,2024-10-10T09:03:16.013Z
32,fonograph,5,31,20,2024-10-10T09:19:01.906Z
32,Sanromolo,0,0,,
33,APT-Finals-1,0,0,,
33,APT-Finals-2,0,0,,
33,CookingNonna,0,0,,
33,Diese-2,0,0,,
33,Diese-1,9,26,20,2024-10-10T09:02:01.279Z
33,duogesto,23,25,11,2024-10-10T09:03:16.013Z
33,fonograph,7,32,20,2024-10-10T09:19:01.906Z
33,Sanromolo,0,0,,
34,APT-Finals-1,0,0,,
34,CookingNonna,0,0,,
34,Diese-1,9,26,20,2024-10-10T09:02:01.279Z
34,Diese-2,0,0,,
34,APT-Finals-2,0,0,,
34,duogesto,23,25,11,2024-10-10T09:03:16.013Z
34,Sanromolo,0,0,,
34,fonograph,8,32,20,2024-10-10T09:19:01.906Z
35,APT-Finals-1,0,0,,
35,APT-Finals-2,0,0,,
35,CookingNonna,0,0,,
35,Diese-1,9,30,20,2024-10-10T09:02:01.279Z
35,Diese-2,0,0,,
35,duogesto,24,25,11,2024-10-10T09:03:16.013Z
35,Sanromolo,0,0,,
35,fonograph,8,33,20,2024-10-10T09:19:01.906Z
36,APT-Finals-1,0,0,,
36,APT-Finals-2,0,0,,
36,CookingNonna,0,0,,
36,Diese-2,0,0,,
36,Diese-1,11,29,20,2024-10-10T09:02:01.279Z
36,duogesto,23,25,11,2024-10-10T09:03:16.013Z
36,Sanromolo,0,0,,
36,fonograph,9,32,20,2024-10-10T09:19:01.906Z
37,APT-Finals-1,0,0,,
37,CookingNonna,0,0,,
37,APT-Finals-2,0,0,,
37,Diese-1,13,29,20,2024-10-10T09:02:01.279Z
37,Diese-2,0,0,,
37,duogesto,24,23,11,2024-10-10T09:03:16.013Z
37,Sanromolo,0,0,,
37,fonograph,9,32,20,2024-10-10T09:19:01.906Z
38,APT-Finals-1,0,0,,
38,CookingNonna,0,0,,
38,APT-Finals-2,0,0,,
38,Diese-2,0,0,,
38,Diese-1,16,31,20,2024-10-10T09:02:01.279Z
38,duogesto,25,22,11,2024-10-10T09:03:16.013Z
38,fonograph,9,32,20,2024-10-10T09:19:01.906Z
38,Sanromolo,0,0,,
39,APT-Finals-1,0,0,,
39,CookingNonna,0,0,,
39,APT-Finals-2,0,0,,
39,Diese-2,0,0,,
39,Diese-1,16,33,20,2024-10-10T09:02:01.279Z
39,duogesto,25,23,11,2024-10-10T09:03:16.013Z
39,fonograph,10,32,20,2024-10-10T09:19:01.906Z
39,Sanromolo,0,0,,
40,APT-Finals-1,0,0,,
40,APT-Finals-2,0,0,,
40,Diese-1,18,32,20,2024-10-10T09:02:01.279Z
40,CookingNonna,0,0,,
40,Diese-2,0,0,,
40,duogesto,23,23,11,2024-10-10T09:03:16.013Z
40,Sanromolo,0,0,,
40,fonograph,11,31,20,2024-10-10T09:19:01.906Z
41,APT-Finals-1,0,0,,
41,APT-Finals-2,0,0,,
41,Diese-2,0,0,,
41,Diese-1,18,34,20,2024-10-10T09:02:01.279Z
41,CookingNonna,0,0,,
41,duogesto,24,26,11,2024-10-10T09:03:16.013Z
41,Sanromolo,0,0,,
41,fonograph,10,31,20,2024-10-10T09:19:01.906Z
42,APT-Finals-1,0,0,,
42,Diese-2,0,0,,
42,CookingNonna,0,0,,
42,APT-Finals-2,0,0,,
42,Diese-1,19,31,20,2024-10-10T09:02:01.279Z
42,duogesto,25,25,11,2024-10-10T09:03:16.013Z
42,Sanromolo,0,0,,
42,fonograph,9,32,20,2024-10-10T09:19:01.906Z
43,APT-Finals-1,0,0,,
43,APT-Finals-2,0,0,,
43,CookingNonna,0,0,,
43,Diese-1,19,32,20,2024-10-10T09:02:01.279Z
43,Diese-2,0,0,,
43,duogesto,27,24,11,2024-10-10T09:03:16.013Z
43,fonograph,10,32,20,2024-10-10T09:19:01.906Z
43,Sanromolo,0,0,,
44,APT-Finals-1,0,0,,
44,APT-Finals-2,0,0,,
44,CookingNonna,0,0,,
44,Diese-1,20,32,20,2024-10-10T09:02:01.279Z
44,Diese-2,0,0,,
44,duogesto,26,23,11,2024-10-10T09:03:16.013Z
44,fonograph,10,31,20,2024-10-10T09:19:01.906Z
44,Sanromolo,0,0,,
45,APT-Finals-1,0,0,,
45,CookingNonna,0,0,,
45,APT-Finals-2,0,0,,
45,Diese-1,19,31,20,2024-10-10T09:02:01.279Z
45,Diese-2,0,0,,
45,duogesto,26,22,11,2024-10-10T09:03:16.013Z
45,fonograph,10,31,20,2024-10-10T09:19:01.906Z
45,Sanromolo,0,0,,
46,APT-Finals-1,0,0,,
46,CookingNonna,0,0,,
46,Diese-1,19,31,20,2024-10-10T09:02:01.279Z
46,Diese-2,0,0,,
46,APT-Finals-2,0,0,,
46,duogesto,26,25,11,2024-10-10T09:03:16.013Z
46,fonograph,11,31,20,2024-10-10T09:19:01.906Z
46,Sanromolo,0,0,,
47,APT-Finals-1,0,0,,
47,CookingNonna,0,0,,
47,Diese-2,0,0,,
47,APT-Finals-2,0,0,,
47,Diese-1,18,32,20,2024-10-10T09:02:01.279Z
47,duogesto,27,23,11,2024-10-10T09:03:16.013Z
47,Sanromolo,0,0,,
47,fonograph,13,31,20,2024-10-10T09:19:01.906Z
48,APT-Finals-1,0,0,,
48,CookingNonna,0,0,,
48,APT-Finals-2,0,0,,
48,Diese-1,19,31,20,2024-10-10T09:02:01.279Z
48,Diese-2,0,0,,
48,duogesto,29,22,11,2024-10-10T09:03:16.013Z
48,fonograph,14,31,20,2024-10-10T09:19:01.906Z
48,Sanromolo,0,0,,
49,APT-Finals-1,0,0,,
49,CookingNonna,0,0,,
49,APT-Finals-2,0,0,,
49,Diese-2,0,0,,
49,Diese-1,18,32,20,2024-10-10T09:02:01.279Z
49,duogesto,28,24,11,2024-10-10T09:03:16.013Z
49,fonograph,14,31,20,2024-10-10T09:19:01.906Z
49,Sanromolo,0,0,,
50,APT-Finals-1,0,0,,
50,APT-Finals-2,0,0,,
50,Diese-2,0,0,,
50,CookingNonna,0,0,,
50,Diese-1,19,30,20,2024-10-10T09:02:01.279Z
50,duogesto,27,23,11,2024-10-10T09:03:16.013Z
50,fonograph,14,31,20,2024-10-10T09:19:01.906Z
50,Sanromolo,0,0,,
51,APT-Finals-1,0,0,,
51,APT-Finals-2,0,0,,
51,Diese-2,0,0,,
51,Diese-1,17,31,20,2024-10-10T09:02:01.279Z
51,CookingNonna,0,0,,
51,duogesto,27,22,11,2024-10-10T09:03:16.013Z
51,Sanromolo,0,0,,
51,fonograph,14,31,20,2024-10-10T09:19:01.906Z
52,APT-Finals-1,0,0,,
52,Diese-2,0,0,,
52,CookingNonna,0,0,,
52,Diese-1,19,29,20,2024-10-10T09:02:01.279Z
52,APT-Finals-2,0,0,,
52,duogesto,29,24,11,2024-10-10T09:03:16.013Z
52,fonograph,14,31,20,2024-10-10T09:19:01.906Z
52,Sanromolo,0,0,,
53,APT-Finals-1,0,0,,
53,APT-Finals-2,0,0,,
53,Diese-2,0,0,,
53,CookingNonna,0,0,,
53,Diese-1,19,26,20,2024-10-10T09:02:01.279Z
53,duogesto,29,23,11,2024-10-10T09:03:16.013Z
53,fonograph,14,31,20,2024-10-10T09:19:01.906Z
53,Sanromolo,0,0,,
54,APT-Finals-1,0,0,,
54,Diese-1,23,27,20,2024-10-10T09:02:01.279Z
54,APT-Finals-2,0,0,,
54,Diese-2,0,0,,
54,CookingNonna,0,0,,
54,duogesto,29,22,11,2024-10-10T09:03:16.013Z
54,fonograph,16,31,20,2024-10-10T09:19:01.906Z
54,Sanromolo,0,0,,
55,APT-Finals-1,0,0,,
55,APT-Finals-2,0,0,,
55,CookingNonna,0,0,,
55,Diese-1,16,26,20,2024-10-10T09:02:01.279Z
55,Diese-2,0,0,,
55,duogesto,22,21,11,2024-10-10T09:03:16.013Z
55,fonograph,14,30,20,2024-10-10T09:19:01.906Z
55,Sanromolo,0,0,,
56,APT-Finals-1,0,0,,
56,APT-Finals-2,0,0,,
56,Diese-1,2,20,20,2024-10-10T09:02:01.279Z
56,CookingNonna,0,0,,
56,Diese-2,0,0,,
56,duogesto,1,14,11,2024-10-10T09:03:16.013Z
56,fonograph,3,30,20,2024-10-10T09:19:01.906Z
56,Sanromolo,0,0,,
57,APT-Finals-1,0,0,,
57,CookingNonna,0,0,,
57,APT-Finals-2,0,0,,
57,Diese-1,1,13,20,2024-10-10T09:02:01.279Z
57,Diese-2,0,0,,
57,duogesto,2,8,11,2024-10-10T09:03:16.013Z
57,fonograph,2,21,20,2024-10-10T09:19:01.906Z
57,Sanromolo,0,0,,
58,APT-Finals-1,0,0,,
58,APT-Finals-2,0,0,,
58,CookingNonna,0,0,,
58,Diese-2,0,0,,
58,Diese-1,0,0,20,2024-10-10T09:02:01.279Z
58,duogesto,2,3,11,2024-10-10T09:03:16.013Z
58,fonograph,1,3,20,2024-10-10T09:19:01.906Z
58,Sanromolo,0,0,,
59,CookingNonna,0,0,,
59,APT-Finals-2,0,0,,
59,APT-Finals-1,0,0,,
59,Diese-1,11,19,20,2024-10-10T09:02:01.279Z
59,Diese-2,0,0,,
59,duogesto,12,29,11,2024-10-10T09:03:16.013Z
59,fonograph,1,28,20,2024-10-10T09:19:01.906Z
59,Sanromolo,0,0,,
60,APT-Finals-1,0,0,,
60,APT-Finals-2,0,0,,
60,CookingNonna,0,0,,
60,Diese-2,0,0,,
60,Diese-1,7,22,20,2024-10-10T09:02:01.279Z
60,duogesto,7,14,11,2024-10-10T09:03:16.013Z
60,fonograph,6,31,20,2024-10-10T09:19:01.906Z
60,Sanromolo,0,0,,
61,APT-Finals-1,0,0,,
61,APT-Finals-2,0,0,,
61,Diese-2,0,0,,
61,CookingNonna,0,0,,
61,Diese-1,18,24,20,2024-10-10T09:02:01.279Z
61,duogesto,30,33,11,2024-10-10T09:03:16.013Z
61,fonograph,15,34,20,2024-10-10T09:19:01.906Z
61,Sanromolo,0,0,,
62,APT-Finals-1,0,0,,
62,APT-Finals-2,0,0,,
62,CookingNonna,0,0,,
62,Diese-1,21,23,20,2024-10-10T09:02:01.279Z
62,Diese-2,0,0,,
62,duogesto,29,33,11,2024-10-10T09:03:16.013Z
62,fonograph,15,33,20,2024-10-10T09:19:01.906Z
62,Sanromolo,0,0,,
63,APT-Finals-2,0,0,,
63,APT-Finals-1,0,0,,
63,Diese-2,0,0,,
63,Diese-1,21,24,20,2024-10-10T09:02:01.279Z
63,CookingNonna,0,0,,
63,duogesto,30,35,11,2024-10-10T09:03:16.013Z
63,fonograph,15,34,20,2024-10-10T09:19:01.906Z
63,Sanromolo,0,0,,
64,APT-Finals-1,0,0,,
64,APT-Finals-2,1,26,3,2024-10-10T11:07:23.488Z
64,CookingNonna,0,0,,
64,Diese-2,0,0,,
64,Diese-1,23,24,20,2024-10-10T09:02:01.279Z
64,duogesto,30,33,11,2024-10-10T09:03:16.013Z
64,fonograph,17,35,20,2024-10-10T09:19:01.906Z
64,Sanromolo,0,0,,
65,APT-Finals-1,0,0,,
65,CookingNonna,0,0,,
65,APT-Finals-2,1,29,3,2024-10-10T11:07:23.488Z
65,Diese-1,22,23,20,2024-10-10T09:02:01.279Z
65,Diese-2,0,0,,
65,duogesto,31,34,11,2024-10-10T09:03:16.013Z
65,fonograph,18,35,20,2024-10-10T09:19:01.906Z
65,Sanromolo,0,0,,
66,CookingNonna,0,0,,
66,APT-Finals-2,1,19,3,2024-10-10T11:07:23.488Z
66,APT-Finals-1,0,0,,
66,Diese-1,22,24,20,2024-10-10T09:02:01.279Z
66,Diese-2,0,0,,
66,duogesto,31,33,11,2024-10-10T09:03:16.013Z
66,fonograph,18,34,20,2024-10-10T09:19:01.906Z
66,Sanromolo,1,14,27,2024-10-10T11:10:45.976Z
67,APT-Finals-1,0,0,,
67,APT-Finals-2,2,21,3,2024-10-10T11:07:23.488Z
67,Diese-2,0,0,,
67,CookingNonna,0,0,,
67,Diese-1,23,24,20,2024-10-10T09:02:01.279Z
67,duogesto,31,29,11,2024-10-10T09:03:16.013Z
67,fonograph,19,35,20,2024-10-10T09:19:01.906Z
67,Sanromolo,1,20,27,2024-10-10T11:10:45.976Z
68,CookingNonna,0,0,,
68,APT-Finals-1,0,0,,
68,Diese-1,24,23,20,2024-10-10T09:02:01.279Z
68,APT-Finals-2,2,28,3,2024-10-10T11:07:23.488Z
68,Diese-2,0,0,,
68,duogesto,31,29,11,2024-10-10T09:03:16.013Z
154,CookingNonna,6,27,15,2024-10-10T11:33:10.113Z
159,APT-Finals-2,11,25,3,2024-10-10T11:07:23.488Z
159,Sanromolo,4,28,27,2024-10-10T11:10:45.976Z
164,APT-Finals-2,11,24,3,2024-10-10T11:07:23.488Z
164,fonograph,27,18,20,2024-10-10T09:19:01.906Z
169,Diese-1,30,9,20,2024-10-10T09:02:01.279Z
169,Sanromolo,6,32,27,2024-10-10T11:10:45.976Z
174,CookingNonna,6,31,15,2024-10-10T11:33:10.113Z
179,Diese-1,31,9,20,2024-10-10T09:02:01.279Z
184,APT-Finals-2,15,24,3,2024-10-10T11:07:23.488Z
68,Sanromolo,1,19,27,2024-10-10T11:10:45.976Z
69,APT-Finals-1,0,0,,
69,fonograph,18,33,20,2024-10-10T09:19:01.906Z
73,APT-Finals-1,0,0,,
73,duogesto,30,22,11,2024-10-10T09:03:16.013Z
77,APT-Finals-1,0,0,,
77,duogesto,30,22,11,2024-10-10T09:03:16.013Z
81,APT-Finals-1,0,0,,
81,duogesto,30,20,11,2024-10-10T09:03:16.013Z
85,APT-Finals-2,4,27,3,2024-10-10T11:07:23.488Z
85,fonograph,22,32,20,2024-10-10T09:19:01.906Z
89,CookingNonna,2,34,15,2024-10-10T11:33:10.113Z
93,APT-Finals-2,4,33,3,2024-10-10T11:07:23.488Z
97,Diese-1,28,17,20,2024-10-10T09:02:01.279Z
97,Sanromolo,1,27,27,2024-10-10T11:10:45.976Z
101,CookingNonna,3,32,15,2024-10-10T11:33:10.113Z
101,Sanromolo,1,26,27,2024-10-10T11:10:45.976Z
105,APT-Finals-2,7,31,3,2024-10-10T11:07:23.488Z
109,Diese-2,0,0,,
114,APT-Finals-1,0,0,,
114,duogesto,32,15,11,2024-10-10T09:03:16.013Z
118,APT-Finals-1,0,0,,
118,duogesto,32,13,11,2024-10-10T09:03:16.013Z
122,Diese-1,29,13,20,2024-10-10T09:02:01.279Z
126,CookingNonna,4,28,15,2024-10-10T11:33:10.113Z
130,Diese-1,30,12,20,2024-10-10T09:02:01.279Z
130,Sanromolo,2,28,27,2024-10-10T11:10:45.976Z
135,APT-Finals-2,10,25,3,2024-10-10T11:07:23.488Z
135,duogesto,32,17,11,2024-10-10T09:03:16.013Z
139,APT-Finals-1,0,0,,
139,duogesto,32,17,11,2024-10-10T09:03:16.013Z
143,APT-Finals-1,0,0,,
143,duogesto,31,17,11,2024-10-10T09:03:16.013Z
147,APT-Finals-1,0,0,,
147,duogesto,32,17,11,2024-10-10T09:03:16.013Z
151,APT-Finals-1,0,0,,
151,duogesto,31,17,11,2024-10-10T09:03:16.013Z
154,Diese-2,0,0,,
159,Diese-1,30,9,20,2024-10-10T09:02:01.279Z
159,fonograph,26,17,20,2024-10-10T09:19:01.906Z
164,CookingNonna,6,35,15,2024-10-10T11:33:10.113Z
164,Sanromolo,6,32,27,2024-10-10T11:10:45.976Z
170,APT-Finals-1,1,28,20,2024-10-10T14:37:29.635Z
170,duogesto,32,15,11,2024-10-10T09:03:16.013Z
174,Diese-1,30,9,20,2024-10-10T09:02:01.279Z
174,Sanromolo,6,32,27,2024-10-10T11:10:45.976Z
180,APT-Finals-1,1,27,20,2024-10-10T14:37:29.635Z
180,duogesto,30,15,11,2024-10-10T09:03:16.013Z
184,Diese-2,0,0,,
184,Sanromolo,6,32,27,2024-10-10T11:10:45.976Z
69,APT-Finals-2,2,23,3,2024-10-10T11:07:23.488Z
73,APT-Finals-2,2,22,3,2024-10-10T11:07:23.488Z
73,Sanromolo,1,22,27,2024-10-10T11:10:45.976Z
77,APT-Finals-2,2,28,3,2024-10-10T11:07:23.488Z
77,fonograph,21,31,20,2024-10-10T09:19:01.906Z
81,Diese-2,0,0,,
85,Diese-2,0,0,,
85,Sanromolo,1,31,27,2024-10-10T11:10:45.976Z
89,APT-Finals-2,4,32,3,2024-10-10T11:07:23.488Z
89,fonograph,23,32,20,2024-10-10T09:19:01.906Z
93,Diese-1,27,17,20,2024-10-10T09:02:01.279Z
93,Sanromolo,1,29,27,2024-10-10T11:10:45.976Z
97,CookingNonna,2,32,15,2024-10-10T11:33:10.113Z
101,Diese-1,28,17,20,2024-10-10T09:02:01.279Z
101,fonograph,27,28,20,2024-10-10T09:19:01.906Z
105,Diese-2,0,0,,
109,Diese-1,29,15,20,2024-10-10T09:02:01.279Z
109,fonograph,26,25,20,2024-10-10T09:19:01.906Z
114,APT-Finals-2,8,30,3,2024-10-10T11:07:23.488Z
118,APT-Finals-2,9,30,3,2024-10-10T11:07:23.488Z
118,fonograph,26,23,20,2024-10-10T09:19:01.906Z
122,CookingNonna,4,30,15,2024-10-10T11:33:10.113Z
122,fonograph,27,22,20,2024-10-10T09:19:01.906Z
126,APT-Finals-2,9,28,3,2024-10-10T11:07:23.488Z
126,Sanromolo,2,27,27,2024-10-10T11:10:45.976Z
131,APT-Finals-1,0,0,,
131,duogesto,32,15,11,2024-10-10T09:03:16.013Z
135,APT-Finals-1,0,0,,
135,fonograph,27,20,20,2024-10-10T09:19:01.906Z
139,Diese-1,30,12,20,2024-10-10T09:02:01.279Z
139,fonograph,27,20,20,2024-10-10T09:19:01.906Z
143,APT-Finals-2,11,26,3,2024-10-10T11:07:23.488Z
143,Sanromolo,3,26,27,2024-10-10T11:10:45.976Z
147,Diese-1,31,11,20,2024-10-10T09:02:01.279Z
147,fonograph,27,17,20,2024-10-10T09:19:01.906Z
151,Diese-2,0,0,,
151,fonograph,26,19,20,2024-10-10T09:19:01.906Z
154,Diese-1,31,11,20,2024-10-10T09:02:01.279Z
154,fonograph,27,18,20,2024-10-10T09:19:01.906Z
159,CookingNonna,5,26,15,2024-10-10T11:33:10.113Z
164,Diese-2,0,0,,
170,Diese-1,31,10,20,2024-10-10T09:02:01.279Z
175,APT-Finals-1,1,28,20,2024-10-10T14:37:29.635Z
175,duogesto,33,15,11,2024-10-10T09:03:16.013Z
180,APT-Finals-2,12,24,3,2024-10-10T11:07:23.488Z
185,APT-Finals-1,1,27,20,2024-10-10T14:37:29.635Z
185,duogesto,31,14,11,2024-10-10T09:03:16.013Z
69,Diese-2,0,0,,
69,Sanromolo,1,22,27,2024-10-10T11:10:45.976Z
73,CookingNonna,0,0,,
73,fonograph,20,29,20,2024-10-10T09:19:01.906Z
77,Diese-1,25,22,20,2024-10-10T09:02:01.279Z
81,CookingNonna,1,35,15,2024-10-10T11:33:10.113Z
81,fonograph,20,31,20,2024-10-10T09:19:01.906Z
85,Diese-1,24,18,20,2024-10-10T09:02:01.279Z
89,Diese-1,26,17,20,2024-10-10T09:02:01.279Z
93,CookingNonna,3,32,15,2024-10-10T11:33:10.113Z
97,APT-Finals-2,5,34,3,2024-10-10T11:07:23.488Z
97,fonograph,25,28,20,2024-10-10T09:19:01.906Z
101,APT-Finals-2,6,32,3,2024-10-10T11:07:23.488Z
105,Diese-1,29,15,20,2024-10-10T09:02:01.279Z
105,Sanromolo,1,28,27,2024-10-10T11:10:45.976Z
110,APT-Finals-1,0,0,,
110,duogesto,32,17,11,2024-10-10T09:03:16.013Z
114,Diese-1,30,16,20,2024-10-10T09:02:01.279Z
114,Sanromolo,2,32,27,2024-10-10T11:10:45.976Z
118,CookingNonna,4,31,15,2024-10-10T11:33:10.113Z
118,Sanromolo,2,30,27,2024-10-10T11:10:45.976Z
122,Diese-2,0,0,,
122,Sanromolo,2,29,27,2024-10-10T11:10:45.976Z
127,APT-Finals-1,0,0,,
127,duogesto,32,15,11,2024-10-10T09:03:16.013Z
131,Diese-1,29,9,20,2024-10-10T09:02:01.279Z
131,fonograph,27,21,20,2024-10-10T09:19:01.906Z
135,Diese-2,0,0,,
135,Sanromolo,2,25,27,2024-10-10T11:10:45.976Z
139,CookingNonna,5,26,15,2024-10-10T11:33:10.113Z
143,CookingNonna,5,26,15,2024-10-10T11:33:10.113Z
143,fonograph,25,18,20,2024-10-10T09:19:01.906Z
147,CookingNonna,5,28,15,2024-10-10T11:33:10.113Z
151,Diese-1,30,9,20,2024-10-10T09:02:01.279Z
151,Sanromolo,4,27,27,2024-10-10T11:10:45.976Z
155,CookingNonna,6,28,15,2024-10-10T11:33:10.113Z
155,duogesto,32,16,11,2024-10-10T09:03:16.013Z
159,Diese-2,0,0,,
165,APT-Finals-1,0,0,,
165,duogesto,33,14,11,2024-10-10T09:03:16.013Z
170,APT-Finals-2,13,26,3,2024-10-10T11:07:23.488Z
170,Sanromolo,6,32,27,2024-10-10T11:10:45.976Z
175,Diese-2,0,0,,
175,APT-Finals-2,13,26,3,2024-10-10T11:07:23.488Z
175,Sanromolo,6,32,27,2024-10-10T11:10:45.976Z
180,Diese-1,30,9,20,2024-10-10T09:02:01.279Z
180,fonograph,27,17,20,2024-10-10T09:19:01.906Z
185,CookingNonna,7,34,15,2024-10-10T11:33:10.113Z
69,CookingNonna,0,0,,
73,Diese-2,0,0,,
77,CookingNonna,1,8,15,2024-10-10T11:33:10.113Z
81,APT-Finals-2,3,33,3,2024-10-10T11:07:23.488Z
81,Sanromolo,1,20,27,2024-10-10T11:10:45.976Z
85,CookingNonna,2,31,15,2024-10-10T11:33:10.113Z
89,Diese-2,0,0,,
89,Sanromolo,1,25,27,2024-10-10T11:10:45.976Z
93,Diese-2,0,0,,
93,fonograph,24,31,20,2024-10-10T09:19:01.906Z
97,Diese-2,0,0,,
101,Diese-2,0,0,,
106,CookingNonna,3,32,15,2024-10-10T11:33:10.113Z
106,duogesto,32,17,11,2024-10-10T09:03:16.013Z
110,CookingNonna,4,32,15,2024-10-10T11:33:10.113Z
110,Sanromolo,2,33,27,2024-10-10T11:10:45.976Z
114,CookingNonna,3,31,15,2024-10-10T11:33:10.113Z
114,fonograph,27,25,20,2024-10-10T09:19:01.906Z
118,Diese-1,30,14,20,2024-10-10T09:02:01.279Z
123,APT-Finals-1,0,0,,
123,Sanromolo,2,28,27,2024-10-10T11:10:45.976Z
127,CookingNonna,5,28,15,2024-10-10T11:33:10.113Z
127,fonograph,27,22,20,2024-10-10T09:19:01.906Z
131,CookingNonna,4,28,15,2024-10-10T11:33:10.113Z
131,APT-Finals-2,10,26,3,2024-10-10T11:07:23.488Z
135,Diese-1,30,13,20,2024-10-10T09:02:01.279Z
139,APT-Finals-2,11,27,3,2024-10-10T11:07:23.488Z
143,Diese-1,30,10,20,2024-10-10T09:02:01.279Z
147,APT-Finals-2,11,25,3,2024-10-10T11:07:23.488Z
147,Sanromolo,4,31,27,2024-10-10T11:10:45.976Z
151,APT-Finals-2,11,24,3,2024-10-10T11:07:23.488Z
155,Diese-1,31,11,20,2024-10-10T09:02:01.279Z
155,fonograph,27,18,20,2024-10-10T09:19:01.906Z
160,APT-Finals-1,0,0,,
160,duogesto,31,15,11,2024-10-10T09:03:16.013Z
165,Diese-1,31,9,20,2024-10-10T09:02:01.279Z
170,CookingNonna,7,33,15,2024-10-10T11:33:10.113Z
170,fonograph,27,18,20,2024-10-10T09:19:01.906Z
175,CookingNonna,7,26,15,2024-10-10T11:33:10.113Z
180,Diese-2,0,0,,
180,Sanromolo,6,31,27,2024-10-10T11:10:45.976Z
185,Diese-2,0,0,,
69,Diese-1,24,23,20,2024-10-10T09:02:01.279Z
69,duogesto,31,26,11,2024-10-10T09:03:16.013Z
73,Diese-1,26,22,20,2024-10-10T09:02:01.279Z
77,Diese-2,0,0,,
77,Sanromolo,1,17,27,2024-10-10T11:10:45.976Z
81,Diese-1,24,21,20,2024-10-10T09:02:01.279Z
86,APT-Finals-1,0,0,,
86,duogesto,29,19,11,2024-10-10T09:03:16.013Z
90,APT-Finals-1,0,0,,
90,duogesto,31,18,11,2024-10-10T09:03:16.013Z
90,fonograph,23,32,20,2024-10-10T09:19:01.906Z
94,APT-Finals-1,0,0,,
94,duogesto,31,18,11,2024-10-10T09:03:16.013Z
98,APT-Finals-1,0,0,,
98,duogesto,30,17,11,2024-10-10T09:03:16.013Z
102,APT-Finals-1,0,0,,
102,duogesto,32,17,11,2024-10-10T09:03:16.013Z
106,APT-Finals-1,0,0,,
110,Diese-1,29,15,20,2024-10-10T09:02:01.279Z
114,Diese-2,0,0,,
118,Diese-2,0,0,,
123,APT-Finals-2,8,29,3,2024-10-10T11:07:23.488Z
123,fonograph,27,21,20,2024-10-10T09:19:01.906Z
127,APT-Finals-2,10,28,3,2024-10-10T11:07:23.488Z
131,Diese-2,0,0,,
131,Sanromolo,2,26,27,2024-10-10T11:10:45.976Z
135,CookingNonna,5,26,15,2024-10-10T11:33:10.113Z
139,Diese-2,0,0,,
139,Sanromolo,2,24,27,2024-10-10T11:10:45.976Z
143,Diese-2,0,0,,
147,Diese-2,0,0,,
151,CookingNonna,5,27,15,2024-10-10T11:33:10.113Z
155,APT-Finals-1,0,0,,
155,Sanromolo,4,28,27,2024-10-10T11:10:45.976Z
160,Diese-2,0,0,,
160,fonograph,26,17,20,2024-10-10T09:19:01.906Z
165,CookingNonna,6,35,15,2024-10-10T11:33:10.113Z
165,APT-Finals-2,11,25,3,2024-10-10T11:07:23.488Z
165,fonograph,28,18,20,2024-10-10T09:19:01.906Z
170,Diese-2,0,0,,
175,Diese-1,32,10,20,2024-10-10T09:02:01.279Z
175,fonograph,28,18,20,2024-10-10T09:19:01.906Z
180,CookingNonna,7,34,15,2024-10-10T11:33:10.113Z
185,APT-Finals-2,14,23,3,2024-10-10T11:07:23.488Z
185,Sanromolo,7,32,27,2024-10-10T11:10:45.976Z
70,APT-Finals-1,0,0,,
70,duogesto,31,23,11,2024-10-10T09:03:16.013Z
74,APT-Finals-1,0,0,,
78,APT-Finals-1,0,0,,
78,duogesto,30,21,11,2024-10-10T09:03:16.013Z
82,APT-Finals-1,0,0,,
82,duogesto,30,19,11,2024-10-10T09:03:16.013Z
86,Diese-2,0,0,,
90,APT-Finals-2,4,29,3,2024-10-10T11:07:23.488Z
94,Diese-2,0,0,,
98,APT-Finals-2,5,33,3,2024-10-10T11:07:23.488Z
98,fonograph,24,28,20,2024-10-10T09:19:01.906Z
102,APT-Finals-2,7,31,3,2024-10-10T11:07:23.488Z
102,fonograph,26,29,20,2024-10-10T09:19:01.906Z
106,Diese-2,0,0,,
106,Sanromolo,2,35,27,2024-10-10T11:10:45.976Z
110,APT-Finals-2,8,30,3,2024-10-10T11:07:23.488Z
110,Diese-2,0,0,,
110,fonograph,27,25,20,2024-10-10T09:19:01.906Z
115,APT-Finals-1,0,0,,
115,duogesto,32,15,11,2024-10-10T09:03:16.013Z
119,APT-Finals-1,0,0,,
119,duogesto,32,14,11,2024-10-10T09:03:16.013Z
123,CookingNonna,5,31,15,2024-10-10T11:33:10.113Z
127,Diese-1,30,13,20,2024-10-10T09:02:01.279Z
127,Sanromolo,2,28,27,2024-10-10T11:10:45.976Z
132,APT-Finals-1,0,0,,
132,duogesto,31,16,11,2024-10-10T09:03:16.013Z
136,APT-Finals-1,0,0,,
136,duogesto,32,18,11,2024-10-10T09:03:16.013Z
140,APT-Finals-1,0,0,,
140,duogesto,32,17,11,2024-10-10T09:03:16.013Z
144,CookingNonna,5,27,15,2024-10-10T11:33:10.113Z
144,duogesto,31,18,11,2024-10-10T09:03:16.013Z
148,APT-Finals-1,0,0,,
148,duogesto,31,18,11,2024-10-10T09:03:16.013Z
152,APT-Finals-1,0,0,,
152,duogesto,32,17,11,2024-10-10T09:03:16.013Z
155,APT-Finals-2,11,26,3,2024-10-10T11:07:23.488Z
160,APT-Finals-2,11,25,3,2024-10-10T11:07:23.488Z
160,Sanromolo,5,30,27,2024-10-10T11:10:45.976Z
165,Diese-2,0,0,,
165,Sanromolo,6,32,27,2024-10-10T11:10:45.976Z
171,APT-Finals-1,1,28,20,2024-10-10T14:37:29.635Z
171,duogesto,33,15,11,2024-10-10T09:03:16.013Z
176,APT-Finals-1,1,28,20,2024-10-10T14:37:29.635Z
176,duogesto,32,15,11,2024-10-10T09:03:16.013Z
181,APT-Finals-1,1,28,20,2024-10-10T14:37:29.635Z
181,duogesto,31,15,11,2024-10-10T09:03:16.013Z
185,Diese-1,32,9,20,2024-10-10T09:02:01.279Z
185,fonograph,28,18,20,2024-10-10T09:19:01.906Z
70,APT-Finals-2,2,26,3,2024-10-10T11:07:23.488Z
74,CookingNonna,0,0,,
78,Diese-2,0,0,,
82,APT-Finals-2,3,32,3,2024-10-10T11:07:23.488Z
82,fonograph,21,32,20,2024-10-10T09:19:01.906Z
86,APT-Finals-2,4,29,3,2024-10-10T11:07:23.488Z
86,fonograph,22,31,20,2024-10-10T09:19:01.906Z
90,CookingNonna,2,34,15,2024-10-10T11:33:10.113Z
94,APT-Finals-2,4,33,3,2024-10-10T11:07:23.488Z
98,CookingNonna,3,33,15,2024-10-10T11:33:10.113Z
102,Diese-2,0,0,,
106,APT-Finals-2,8,31,3,2024-10-10T11:07:23.488Z
111,APT-Finals-1,0,0,,
111,duogesto,32,16,11,2024-10-10T09:03:16.013Z
115,Diese-1,29,15,20,2024-10-10T09:02:01.279Z
115,Sanromolo,2,31,27,2024-10-10T11:10:45.976Z
119,CookingNonna,4,30,15,2024-10-10T11:33:10.113Z
119,fonograph,27,23,20,2024-10-10T09:19:01.906Z
123,Diese-1,30,12,20,2024-10-10T09:02:01.279Z
123,duogesto,32,15,11,2024-10-10T09:03:16.013Z
127,Diese-2,0,0,,
132,APT-Finals-2,9,26,3,2024-10-10T11:07:23.488Z
132,fonograph,27,19,20,2024-10-10T09:19:01.906Z
136,CookingNonna,5,26,15,2024-10-10T11:33:10.113Z
136,fonograph,27,19,20,2024-10-10T09:19:01.906Z
140,APT-Finals-2,11,25,3,2024-10-10T11:07:23.488Z
140,fonograph,26,20,20,2024-10-10T09:19:01.906Z
144,APT-Finals-1,0,0,,
144,Sanromolo,3,27,27,2024-10-10T11:10:45.976Z
148,Diese-1,31,10,20,2024-10-10T09:02:01.279Z
152,Diese-1,31,11,20,2024-10-10T09:02:01.279Z
155,Diese-2,0,0,,
160,Diese-1,30,9,20,2024-10-10T09:02:01.279Z
166,APT-Finals-1,0,0,,
166,duogesto,32,14,11,2024-10-10T09:03:16.013Z
171,APT-Finals-2,13,28,3,2024-10-10T11:07:23.488Z
171,fonograph,28,17,20,2024-10-10T09:19:01.906Z
176,APT-Finals-2,12,25,3,2024-10-10T11:07:23.488Z
181,APT-Finals-2,14,24,3,2024-10-10T11:07:23.488Z
70,CookingNonna,0,0,,
70,fonograph,19,30,20,2024-10-10T09:19:01.906Z
74,Diese-1,25,23,20,2024-10-10T09:02:01.279Z
74,fonograph,20,33,20,2024-10-10T09:19:01.906Z
78,APT-Finals-2,2,22,3,2024-10-10T11:07:23.488Z
82,CookingNonna,1,35,15,2024-10-10T11:33:10.113Z
86,CookingNonna,2,34,15,2024-10-10T11:33:10.113Z
86,Sanromolo,1,29,27,2024-10-10T11:10:45.976Z
90,Diese-1,26,17,20,2024-10-10T09:02:01.279Z
90,Sanromolo,1,28,27,2024-10-10T11:10:45.976Z
94,Diese-1,27,17,20,2024-10-10T09:02:01.279Z
94,fonograph,24,31,20,2024-10-10T09:19:01.906Z
98,Diese-2,0,0,,
98,Sanromolo,1,26,27,2024-10-10T11:10:45.976Z
102,Diese-1,30,17,20,2024-10-10T09:02:01.279Z
106,Diese-1,29,14,20,2024-10-10T09:02:01.279Z
106,fonograph,27,28,20,2024-10-10T09:19:01.906Z
111,Diese-1,29,15,20,2024-10-10T09:02:01.279Z
115,Diese-2,0,0,,
115,fonograph,26,24,20,2024-10-10T09:19:01.906Z
119,Diese-2,0,0,,
123,Diese-2,0,0,,
128,APT-Finals-1,0,0,,
128,duogesto,31,16,11,2024-10-10T09:03:16.013Z
132,Diese-1,27,11,20,2024-10-10T09:02:01.279Z
132,Sanromolo,2,14,27,2024-10-10T11:10:45.976Z
136,APT-Finals-2,10,25,3,2024-10-10T11:07:23.488Z
140,CookingNonna,5,26,15,2024-10-10T11:33:10.113Z
140,Sanromolo,2,24,27,2024-10-10T11:10:45.976Z
144,APT-Finals-2,11,27,3,2024-10-10T11:07:23.488Z
148,Diese-2,0,0,,
148,fonograph,26,17,20,2024-10-10T09:19:01.906Z
152,CookingNonna,5,28,15,2024-10-10T11:33:10.113Z
152,fonograph,27,18,20,2024-10-10T09:19:01.906Z
156,APT-Finals-1,0,0,,
156,duogesto,32,15,11,2024-10-10T09:03:16.013Z
160,CookingNonna,6,28,15,2024-10-10T11:33:10.113Z
166,Diese-2,0,0,,
166,fonograph,28,18,20,2024-10-10T09:19:01.906Z
171,Diese-2,0,0,,
171,Sanromolo,6,32,27,2024-10-10T11:10:45.976Z
176,Diese-1,32,9,20,2024-10-10T09:02:01.279Z
176,CookingNonna,7,28,15,2024-10-10T11:33:10.113Z
176,fonograph,28,18,20,2024-10-10T09:19:01.906Z
181,CookingNonna,7,34,15,2024-10-10T11:33:10.113Z
181,fonograph,28,17,20,2024-10-10T09:19:01.906Z
186,APT-Finals-1,1,26,20,2024-10-10T14:37:29.635Z
186,duogesto,31,14,11,2024-10-10T09:03:16.013Z
188,APT-Finals-1,1,27,20,2024-10-10T14:37:29.635Z
188,duogesto,30,15,11,2024-10-10T09:03:16.013Z
189,APT-Finals-1,1,27,20,2024-10-10T14:37:29.635Z
189,duogesto,31,15,11,2024-10-10T09:03:16.013Z
190,APT-Finals-1,1,27,20,2024-10-10T14:37:29.635Z
190,duogesto,30,16,11,2024-10-10T09:03:16.013Z
191,APT-Finals-1,1,28,20,2024-10-10T14:37:29.635Z
191,duogesto,30,16,11,2024-10-10T09:03:16.013Z
192,APT-Finals-1,1,27,20,2024-10-10T14:37:29.635Z
192,duogesto,31,16,11,2024-10-10T09:03:16.013Z
193,APT-Finals-1,1,27,20,2024-10-10T14:37:29.635Z
193,duogesto,32,16,11,2024-10-10T09:03:16.013Z
194,APT-Finals-1,1,26,20,2024-10-10T14:37:29.635Z
194,duogesto,32,15,11,2024-10-10T09:03:16.013Z
195,APT-Finals-1,1,27,20,2024-10-10T14:37:29.635Z
195,duogesto,31,15,11,2024-10-10T09:03:16.013Z
196,APT-Finals-1,1,26,20,2024-10-10T14:37:29.635Z
196,duogesto,32,15,11,2024-10-10T09:03:16.013Z
197,APT-Finals-1,1,26,20,2024-10-10T14:37:29.635Z
197,duogesto,32,13,11,2024-10-10T09:03:16.013Z
198,APT-Finals-1,2,26,20,2024-10-10T14:37:29.635Z
198,duogesto,32,15,11,2024-10-10T09:03:16.013Z
199,APT-Finals-1,1,27,20,2024-10-10T14:37:29.635Z
199,duogesto,30,15,11,2024-10-10T09:03:16.013Z
200,APT-Finals-1,1,28,20,2024-10-10T14:37:29.635Z
200,duogesto,32,15,11,2024-10-10T09:03:16.013Z
201,APT-Finals-1,1,28,20,2024-10-10T14:37:29.635Z
201,duogesto,32,15,11,2024-10-10T09:03:16.013Z
202,APT-Finals-1,2,28,20,2024-10-10T14:37:29.635Z
202,duogesto,32,14,11,2024-10-10T09:03:16.013Z
203,APT-Finals-1,2,28,20,2024-10-10T14:37:29.635Z
203,duogesto,31,15,11,2024-10-10T09:03:16.013Z
204,APT-Finals-1,1,28,20,2024-10-10T14:37:29.635Z
204,duogesto,32,13,11,2024-10-10T09:03:16.013Z
205,APT-Finals-1,1,27,20,2024-10-10T14:37:29.635Z
205,duogesto,31,14,11,2024-10-10T09:03:16.013Z
206,APT-Finals-1,2,28,20,2024-10-10T14:37:29.635Z
206,duogesto,30,13,11,2024-10-10T09:03:16.013Z
207,APT-Finals-1,2,25,20,2024-10-10T14:37:29.635Z
207,duogesto,31,11,11,2024-10-10T09:03:16.013Z
208,APT-Finals-1,3,25,20,2024-10-10T14:37:29.635Z
208,duogesto,31,13,11,2024-10-10T09:03:16.013Z
209,APT-Finals-1,3,23,20,2024-10-10T14:37:29.635Z
209,duogesto,31,14,11,2024-10-10T09:03:16.013Z
210,APT-Finals-1,2,4,20,2024-10-10T14:37:29.635Z
210,duogesto,30,12,11,2024-10-10T09:03:16.013Z
70,Diese-2,0,0,,
74,APT-Finals-2,2,32,3,2024-10-10T11:07:23.488Z
74,duogesto,30,20,11,2024-10-10T09:03:16.013Z
78,Diese-1,25,22,20,2024-10-10T09:02:01.279Z
78,fonograph,21,31,20,2024-10-10T09:19:01.906Z
82,Diese-2,0,0,,
82,Sanromolo,1,23,27,2024-10-10T11:10:45.976Z
86,Diese-1,23,18,20,2024-10-10T09:02:01.279Z
90,Diese-2,0,0,,
94,CookingNonna,3,34,15,2024-10-10T11:33:10.113Z
94,Sanromolo,1,29,27,2024-10-10T11:10:45.976Z
98,Diese-1,28,17,20,2024-10-10T09:02:01.279Z
102,CookingNonna,3,31,15,2024-10-10T11:33:10.113Z
102,Sanromolo,1,26,27,2024-10-10T11:10:45.976Z
107,APT-Finals-1,0,0,,
107,duogesto,32,17,11,2024-10-10T09:03:16.013Z
111,CookingNonna,4,31,15,2024-10-10T11:33:10.113Z
111,fonograph,27,24,20,2024-10-10T09:19:01.906Z
115,CookingNonna,2,30,15,2024-10-10T11:33:10.113Z
119,Diese-1,30,13,20,2024-10-10T09:02:01.279Z
119,Sanromolo,2,30,27,2024-10-10T11:10:45.976Z
124,APT-Finals-1,0,0,,
124,duogesto,32,16,11,2024-10-10T09:03:16.013Z
128,CookingNonna,5,28,15,2024-10-10T11:33:10.113Z
128,APT-Finals-2,9,27,3,2024-10-10T11:07:23.488Z
132,CookingNonna,5,25,15,2024-10-10T11:33:10.113Z
136,Diese-2,0,0,,
136,Sanromolo,2,25,27,2024-10-10T11:10:45.976Z
140,Diese-2,0,0,,
144,Diese-1,29,10,20,2024-10-10T09:02:01.279Z
148,APT-Finals-2,11,25,3,2024-10-10T11:07:23.488Z
148,Sanromolo,4,29,27,2024-10-10T11:10:45.976Z
152,APT-Finals-2,11,25,3,2024-10-10T11:07:23.488Z
156,Diese-2,0,0,,
161,APT-Finals-1,0,0,,
161,duogesto,33,15,11,2024-10-10T09:03:16.013Z
166,Diese-1,31,9,20,2024-10-10T09:02:01.279Z
171,CookingNonna,6,35,15,2024-10-10T11:33:10.113Z
176,Diese-2,0,0,,
176,Sanromolo,6,32,27,2024-10-10T11:10:45.976Z
181,Diese-2,0,0,,
186,Diese-1,32,9,20,2024-10-10T09:02:01.279Z
186,Sanromolo,7,32,27,2024-10-10T11:10:45.976Z
188,CookingNonna,7,34,15,2024-10-10T11:33:10.113Z
188,fonograph,26,18,20,2024-10-10T09:19:01.906Z
189,Diese-1,32,15,20,2024-10-10T09:02:01.279Z
190,Diese-1,30,15,20,2024-10-10T09:02:01.279Z
190,Sanromolo,7,32,27,2024-10-10T11:10:45.976Z
191,CookingNonna,7,35,15,2024-10-10T11:33:10.113Z
192,APT-Finals-2,14,23,3,2024-10-10T11:07:23.488Z
193,CookingNonna,7,35,15,2024-10-10T11:33:10.113Z
194,APT-Finals-2,14,24,3,2024-10-10T11:07:23.488Z
194,fonograph,28,18,20,2024-10-10T09:19:01.906Z
195,APT-Finals-2,13,21,3,2024-10-10T11:07:23.488Z
196,APT-Finals-2,15,24,3,2024-10-10T11:07:23.488Z
196,Sanromolo,7,32,27,2024-10-10T11:10:45.976Z
197,Diese-2,0,0,,
197,Sanromolo,8,32,27,2024-10-10T11:10:45.976Z
198,Diese-1,31,16,20,2024-10-10T09:02:01.279Z
199,APT-Finals-2,15,24,3,2024-10-10T11:07:23.488Z
199,Sanromolo,8,32,27,2024-10-10T11:10:45.976Z
200,CookingNonna,8,36,15,2024-10-10T11:33:10.113Z
200,fonograph,28,19,20,2024-10-10T09:19:01.906Z
201,Diese-1,32,17,20,2024-10-10T09:02:01.279Z
201,Sanromolo,8,32,27,2024-10-10T11:10:45.976Z
202,Diese-1,32,17,20,2024-10-10T09:02:01.279Z
202,Sanromolo,9,32,27,2024-10-10T11:10:45.976Z
203,CookingNonna,9,34,15,2024-10-10T11:33:10.113Z
203,fonograph,27,18,20,2024-10-10T09:19:01.906Z
204,APT-Finals-2,15,21,3,2024-10-10T11:07:23.488Z
204,Sanromolo,9,33,27,2024-10-10T11:10:45.976Z
205,Diese-1,31,18,20,2024-10-10T09:02:01.279Z
205,Sanromolo,9,33,27,2024-10-10T11:10:45.976Z
206,APT-Finals-2,13,21,3,2024-10-10T11:07:23.488Z
206,Sanromolo,9,32,27,2024-10-10T11:10:45.976Z
207,CookingNonna,10,36,15,2024-10-10T11:33:10.113Z
207,fonograph,27,18,20,2024-10-10T09:19:01.906Z
208,CookingNonna,10,35,15,2024-10-10T11:33:10.113Z
209,APT-Finals-2,14,25,3,2024-10-10T11:07:23.488Z
209,CookingNonna,10,34,15,2024-10-10T11:33:10.113Z
209,fonograph,28,18,20,2024-10-10T09:19:01.906Z
210,APT-Finals-2,15,24,3,2024-10-10T11:07:23.488Z
210,fonograph,27,18,20,2024-10-10T09:19:01.906Z
70,Diese-1,24,24,20,2024-10-10T09:02:01.279Z
70,Sanromolo,1,19,27,2024-10-10T11:10:45.976Z
74,Diese-2,0,0,,
74,Sanromolo,1,17,27,2024-10-10T11:10:45.976Z
78,CookingNonna,1,4,15,2024-10-10T11:33:10.113Z
78,Sanromolo,1,22,27,2024-10-10T11:10:45.976Z
82,Diese-1,24,21,20,2024-10-10T09:02:01.279Z
87,APT-Finals-1,0,0,,
87,duogesto,30,18,11,2024-10-10T09:03:16.013Z
91,Diese-1,26,17,20,2024-10-10T09:02:01.279Z
91,duogesto,31,18,11,2024-10-10T09:03:16.013Z
95,APT-Finals-1,0,0,,
95,duogesto,31,18,11,2024-10-10T09:03:16.013Z
99,APT-Finals-1,0,0,,
99,duogesto,32,17,11,2024-10-10T09:03:16.013Z
103,APT-Finals-1,0,0,,
103,duogesto,32,17,11,2024-10-10T09:03:16.013Z
107,CookingNonna,3,32,15,2024-10-10T11:33:10.113Z
111,Diese-2,0,0,,
111,APT-Finals-2,8,30,3,2024-10-10T11:07:23.488Z
111,Sanromolo,2,33,27,2024-10-10T11:10:45.976Z
115,APT-Finals-2,9,30,3,2024-10-10T11:07:23.488Z
119,APT-Finals-2,9,30,3,2024-10-10T11:07:23.488Z
124,Diese-1,30,13,20,2024-10-10T09:02:01.279Z
128,Diese-1,31,12,20,2024-10-10T09:02:01.279Z
128,Sanromolo,2,27,27,2024-10-10T11:10:45.976Z
132,Diese-2,0,0,,
136,Diese-1,30,12,20,2024-10-10T09:02:01.279Z
140,Diese-1,30,11,20,2024-10-10T09:02:01.279Z
144,Diese-2,0,0,,
144,fonograph,26,18,20,2024-10-10T09:19:01.906Z
148,CookingNonna,4,27,15,2024-10-10T11:33:10.113Z
152,Diese-2,0,0,,
152,Sanromolo,4,27,27,2024-10-10T11:10:45.976Z
156,CookingNonna,6,27,15,2024-10-10T11:33:10.113Z
156,Sanromolo,4,28,27,2024-10-10T11:10:45.976Z
161,Diese-1,31,9,20,2024-10-10T09:02:01.279Z
161,APT-Finals-2,11,24,3,2024-10-10T11:07:23.488Z
161,Diese-2,0,0,,
161,fonograph,27,17,20,2024-10-10T09:19:01.906Z
161,Sanromolo,5,31,27,2024-10-10T11:10:45.976Z
166,CookingNonna,6,35,15,2024-10-10T11:33:10.113Z
166,Sanromolo,6,32,27,2024-10-10T11:10:45.976Z
171,Diese-1,32,9,20,2024-10-10T09:02:01.279Z
177,APT-Finals-1,2,28,20,2024-10-10T14:37:29.635Z
177,duogesto,32,15,11,2024-10-10T09:03:16.013Z
181,Diese-1,31,9,20,2024-10-10T09:02:01.279Z
181,Sanromolo,6,31,27,2024-10-10T11:10:45.976Z
186,CookingNonna,7,34,15,2024-10-10T11:33:10.113Z
186,fonograph,27,18,20,2024-10-10T09:19:01.906Z
188,APT-Finals-2,14,22,3,2024-10-10T11:07:23.488Z
189,CookingNonna,7,35,15,2024-10-10T11:33:10.113Z
189,fonograph,28,18,20,2024-10-10T09:19:01.906Z
190,CookingNonna,7,36,15,2024-10-10T11:33:10.113Z
190,fonograph,27,17,20,2024-10-10T09:19:01.906Z
191,Diese-1,31,9,20,2024-10-10T09:02:01.279Z
191,Sanromolo,7,32,27,2024-10-10T11:10:45.976Z
192,CookingNonna,8,35,15,2024-10-10T11:33:10.113Z
192,fonograph,27,17,20,2024-10-10T09:19:01.906Z
193,APT-Finals-2,14,24,3,2024-10-10T11:07:23.488Z
194,Diese-1,32,15,20,2024-10-10T09:02:01.279Z
194,Sanromolo,7,32,27,2024-10-10T11:10:45.976Z
195,Diese-1,31,9,20,2024-10-10T09:02:01.279Z
196,CookingNonna,8,35,15,2024-10-10T11:33:10.113Z
196,fonograph,28,19,20,2024-10-10T09:19:01.906Z
197,APT-Finals-2,15,22,3,2024-10-10T11:07:23.488Z
197,fonograph,27,19,20,2024-10-10T09:19:01.906Z
198,APT-Finals-2,15,22,3,2024-10-10T11:07:23.488Z
199,Diese-1,30,12,20,2024-10-10T09:02:01.279Z
199,fonograph,26,18,20,2024-10-10T09:19:01.906Z
200,APT-Finals-2,13,24,3,2024-10-10T11:07:23.488Z
200,Sanromolo,7,32,27,2024-10-10T11:10:45.976Z
201,Diese-2,0,0,,
202,APT-Finals-2,14,23,3,2024-10-10T11:07:23.488Z
203,Diese-2,0,0,,
203,Sanromolo,8,32,27,2024-10-10T11:10:45.976Z
204,Diese-1,32,18,20,2024-10-10T09:02:01.279Z
204,fonograph,28,19,20,2024-10-10T09:19:01.906Z
205,APT-Finals-2,15,23,3,2024-10-10T11:07:23.488Z
205,fonograph,27,18,20,2024-10-10T09:19:01.906Z
206,Diese-2,0,0,,
207,Diese-1,30,18,20,2024-10-10T09:02:01.279Z
207,APT-Finals-2,15,22,3,2024-10-10T11:07:23.488Z
207,Sanromolo,9,32,27,2024-10-10T11:10:45.976Z
208,Diese-2,0,0,,
209,Diese-1,31,17,20,2024-10-10T09:02:01.279Z
210,Diese-1,30,16,20,2024-10-10T09:02:01.279Z
71,CookingNonna,0,0,,
71,duogesto,30,21,11,2024-10-10T09:03:16.013Z
75,APT-Finals-1,0,0,,
75,duogesto,30,20,11,2024-10-10T09:03:16.013Z
79,APT-Finals-1,0,0,,
79,duogesto,31,21,11,2024-10-10T09:03:16.013Z
83,APT-Finals-1,0,0,,
83,duogesto,30,20,11,2024-10-10T09:03:16.013Z
87,CookingNonna,2,35,15,2024-10-10T11:33:10.113Z
91,APT-Finals-1,0,0,,
95,APT-Finals-2,4,31,3,2024-10-10T11:07:23.488Z
95,fonograph,25,30,20,2024-10-10T09:19:01.906Z
99,APT-Finals-2,5,32,3,2024-10-10T11:07:23.488Z
99,Sanromolo,1,25,27,2024-10-10T11:10:45.976Z
103,Diese-1,29,16,20,2024-10-10T09:02:01.279Z
107,Diese-1,29,16,20,2024-10-10T09:02:01.279Z
107,APT-Finals-2,8,30,3,2024-10-10T11:07:23.488Z
107,Sanromolo,2,35,27,2024-10-10T11:10:45.976Z
112,APT-Finals-1,0,0,,
112,duogesto,32,16,11,2024-10-10T09:03:16.013Z
116,APT-Finals-1,0,0,,
116,duogesto,32,14,11,2024-10-10T09:03:16.013Z
120,APT-Finals-1,0,0,,
120,duogesto,32,14,11,2024-10-10T09:03:16.013Z
124,CookingNonna,5,31,15,2024-10-10T11:33:10.113Z
128,Diese-2,0,0,,
128,fonograph,27,22,20,2024-10-10T09:19:01.906Z
133,APT-Finals-1,0,0,,
133,duogesto,32,16,11,2024-10-10T09:03:16.013Z
137,APT-Finals-1,0,0,,
137,duogesto,32,18,11,2024-10-10T09:03:16.013Z
141,APT-Finals-1,0,0,,
141,duogesto,32,17,11,2024-10-10T09:03:16.013Z
145,APT-Finals-1,0,0,,
145,duogesto,32,18,11,2024-10-10T09:03:16.013Z
149,APT-Finals-1,0,0,,
149,duogesto,31,18,11,2024-10-10T09:03:16.013Z
153,APT-Finals-1,0,0,,
153,duogesto,32,15,11,2024-10-10T09:03:16.013Z
156,APT-Finals-2,11,25,3,2024-10-10T11:07:23.488Z
156,fonograph,26,18,20,2024-10-10T09:19:01.906Z
161,CookingNonna,6,26,15,2024-10-10T11:33:10.113Z
166,APT-Finals-2,11,26,3,2024-10-10T11:07:23.488Z
172,CookingNonna,6,32,15,2024-10-10T11:33:10.113Z
172,fonograph,28,17,20,2024-10-10T09:19:01.906Z
177,APT-Finals-2,13,26,3,2024-10-10T11:07:23.488Z
177,Sanromolo,6,32,27,2024-10-10T11:10:45.976Z
182,APT-Finals-1,1,26,20,2024-10-10T14:37:29.635Z
182,duogesto,31,14,11,2024-10-10T09:03:16.013Z
186,Diese-2,0,0,,
188,Diese-2,0,0,,
188,Diese-1,31,10,20,2024-10-10T09:02:01.279Z
188,Sanromolo,7,32,27,2024-10-10T11:10:45.976Z
189,APT-Finals-2,15,23,3,2024-10-10T11:07:23.488Z
190,APT-Finals-2,15,23,3,2024-10-10T11:07:23.488Z
191,APT-Finals-2,13,23,3,2024-10-10T11:07:23.488Z
192,Diese-1,31,16,20,2024-10-10T09:02:01.279Z
193,Diese-1,32,16,20,2024-10-10T09:02:01.279Z
193,fonograph,28,18,20,2024-10-10T09:19:01.906Z
194,CookingNonna,8,36,15,2024-10-10T11:33:10.113Z
195,CookingNonna,8,35,15,2024-10-10T11:33:10.113Z
195,fonograph,27,18,20,2024-10-10T09:19:01.906Z
196,Diese-2,0,0,,
197,CookingNonna,8,36,15,2024-10-10T11:33:10.113Z
198,CookingNonna,9,35,15,2024-10-10T11:33:10.113Z
198,Sanromolo,8,32,27,2024-10-10T11:10:45.976Z
199,Diese-2,0,0,,
200,Diese-2,0,0,,
201,APT-Finals-2,15,23,3,2024-10-10T11:07:23.488Z
202,CookingNonna,9,36,15,2024-10-10T11:33:10.113Z
203,Diese-1,31,18,20,2024-10-10T09:02:01.279Z
203,APT-Finals-2,15,23,3,2024-10-10T11:07:23.488Z
204,Diese-2,0,0,,
205,CookingNonna,10,35,15,2024-10-10T11:33:10.113Z
206,Diese-1,29,18,20,2024-10-10T09:02:01.279Z
207,Diese-2,0,0,,
208,Diese-1,31,17,20,2024-10-10T09:02:01.279Z
208,fonograph,26,18,20,2024-10-10T09:19:01.906Z
209,Diese-2,0,0,,
209,Sanromolo,9,31,27,2024-10-10T11:10:45.976Z
210,CookingNonna,10,34,15,2024-10-10T11:33:10.113Z
71,Diese-1,26,24,20,2024-10-10T09:02:01.279Z
75,CookingNonna,0,0,,
79,APT-Finals-2,2,24,3,2024-10-10T11:07:23.488Z
79,Sanromolo,1,21,27,2024-10-10T11:10:45.976Z
83,CookingNonna,1,31,15,2024-10-10T11:33:10.113Z
87,APT-Finals-2,4,31,3,2024-10-10T11:07:23.488Z
87,fonograph,21,31,20,2024-10-10T09:19:01.906Z
91,CookingNonna,2,34,15,2024-10-10T11:33:10.113Z
91,fonograph,23,32,20,2024-10-10T09:19:01.906Z
95,CookingNonna,2,34,15,2024-10-10T11:33:10.113Z
95,Sanromolo,1,27,27,2024-10-10T11:10:45.976Z
99,CookingNonna,3,33,15,2024-10-10T11:33:10.113Z
99,fonograph,25,28,20,2024-10-10T09:19:01.906Z
103,Diese-2,0,0,,
103,fonograph,27,28,20,2024-10-10T09:19:01.906Z
107,Diese-2,0,0,,
107,fonograph,27,26,20,2024-10-10T09:19:01.906Z
112,APT-Finals-2,8,30,3,2024-10-10T11:07:23.488Z
112,fonograph,27,25,20,2024-10-10T09:19:01.906Z
116,APT-Finals-2,9,30,3,2024-10-10T11:07:23.488Z
116,fonograph,26,23,20,2024-10-10T09:19:01.906Z
120,CookingNonna,4,29,15,2024-10-10T11:33:10.113Z
124,APT-Finals-2,9,29,3,2024-10-10T11:07:23.488Z
124,Sanromolo,2,30,27,2024-10-10T11:10:45.976Z
129,APT-Finals-1,0,0,,
129,duogesto,32,16,11,2024-10-10T09:03:16.013Z
133,CookingNonna,5,25,15,2024-10-10T11:33:10.113Z
137,APT-Finals-2,10,25,3,2024-10-10T11:07:23.488Z
137,fonograph,27,19,20,2024-10-10T09:19:01.906Z
141,APT-Finals-2,11,26,3,2024-10-10T11:07:23.488Z
145,APT-Finals-2,11,27,3,2024-10-10T11:07:23.488Z
145,fonograph,26,18,20,2024-10-10T09:19:01.906Z
149,APT-Finals-2,11,26,3,2024-10-10T11:07:23.488Z
149,fonograph,27,17,20,2024-10-10T09:19:01.906Z
153,APT-Finals-2,11,26,3,2024-10-10T11:07:23.488Z
153,fonograph,27,18,20,2024-10-10T09:19:01.906Z
156,Diese-1,31,11,20,2024-10-10T09:02:01.279Z
162,APT-Finals-1,0,0,,
162,duogesto,33,13,11,2024-10-10T09:03:16.013Z
167,APT-Finals-1,0,0,,
167,duogesto,32,15,11,2024-10-10T09:03:16.013Z
172,Diese-2,0,0,,
172,Sanromolo,6,32,27,2024-10-10T11:10:45.976Z
177,CookingNonna,7,30,15,2024-10-10T11:33:10.113Z
182,APT-Finals-2,14,23,3,2024-10-10T11:07:23.488Z
182,Sanromolo,6,32,27,2024-10-10T11:10:45.976Z
186,APT-Finals-2,14,24,3,2024-10-10T11:07:23.488Z
189,Diese-2,0,0,,
189,Sanromolo,7,32,27,2024-10-10T11:10:45.976Z
190,Diese-2,0,0,,
191,Diese-2,0,0,,
191,fonograph,26,18,20,2024-10-10T09:19:01.906Z
192,Diese-2,0,0,,
192,Sanromolo,7,32,27,2024-10-10T11:10:45.976Z
193,Diese-2,0,0,,
193,Sanromolo,7,32,27,2024-10-10T11:10:45.976Z
194,Diese-2,0,0,,
195,Diese-2,0,0,,
195,Sanromolo,7,32,27,2024-10-10T11:10:45.976Z
196,Diese-1,32,15,20,2024-10-10T09:02:01.279Z
197,Diese-1,32,15,20,2024-10-10T09:02:01.279Z
198,Diese-2,0,0,,
198,fonograph,28,19,20,2024-10-10T09:19:01.906Z
199,CookingNonna,7,35,15,2024-10-10T11:33:10.113Z
200,Diese-1,31,17,20,2024-10-10T09:02:01.279Z
201,CookingNonna,9,35,15,2024-10-10T11:33:10.113Z
201,fonograph,27,19,20,2024-10-10T09:19:01.906Z
202,Diese-2,0,0,,
202,fonograph,28,19,20,2024-10-10T09:19:01.906Z
204,CookingNonna,10,36,15,2024-10-10T11:33:10.113Z
205,Diese-2,0,0,,
206,CookingNonna,9,35,15,2024-10-10T11:33:10.113Z
206,fonograph,26,18,20,2024-10-10T09:19:01.906Z
208,APT-Finals-2,13,23,3,2024-10-10T11:07:23.488Z
208,Sanromolo,9,32,27,2024-10-10T11:10:45.976Z
210,Diese-2,0,0,,
210,Sanromolo,9,33,27,2024-10-10T11:10:45.976Z
71,APT-Finals-2,2,27,3,2024-10-10T11:07:23.488Z
71,Sanromolo,1,18,27,2024-10-10T11:10:45.976Z
75,APT-Finals-2,2,24,3,2024-10-10T11:07:23.488Z
75,fonograph,20,33,20,2024-10-10T09:19:01.906Z
79,CookingNonna,1,5,15,2024-10-10T11:33:10.113Z
79,fonograph,21,31,20,2024-10-10T09:19:01.906Z
83,Diese-2,0,0,,
87,Diese-1,25,18,20,2024-10-10T09:02:01.279Z
87,Sanromolo,1,27,27,2024-10-10T11:10:45.976Z
91,Diese-2,0,0,,
95,Diese-2,0,0,,
99,Diese-2,0,0,,
103,CookingNonna,2,31,15,2024-10-10T11:33:10.113Z
103,Sanromolo,1,28,27,2024-10-10T11:10:45.976Z
108,APT-Finals-1,0,0,,
108,duogesto,32,17,11,2024-10-10T09:03:16.013Z
112,Diese-1,30,15,20,2024-10-10T09:02:01.279Z
112,Sanromolo,2,32,27,2024-10-10T11:10:45.976Z
116,CookingNonna,2,31,15,2024-10-10T11:33:10.113Z
120,Diese-1,29,14,20,2024-10-10T09:02:01.279Z
120,fonograph,27,22,20,2024-10-10T09:19:01.906Z
124,Diese-2,0,0,,
124,fonograph,26,21,20,2024-10-10T09:19:01.906Z
129,Diese-2,0,0,,
129,Sanromolo,2,28,27,2024-10-10T11:10:45.976Z
133,APT-Finals-2,10,27,3,2024-10-10T11:07:23.488Z
137,CookingNonna,5,27,15,2024-10-10T11:33:10.113Z
141,Diese-2,0,0,,
141,Sanromolo,2,24,27,2024-10-10T11:10:45.976Z
145,Diese-1,31,11,20,2024-10-10T09:02:01.279Z
145,Sanromolo,4,30,27,2024-10-10T11:10:45.976Z
149,CookingNonna,5,27,15,2024-10-10T11:33:10.113Z
153,CookingNonna,6,28,15,2024-10-10T11:33:10.113Z
157,APT-Finals-1,0,0,,
157,duogesto,32,15,11,2024-10-10T09:03:16.013Z
157,fonograph,27,19,20,2024-10-10T09:19:01.906Z
162,Diese-2,0,0,,
162,fonograph,25,17,20,2024-10-10T09:19:01.906Z
167,Diese-2,0,0,,
167,fonograph,28,18,20,2024-10-10T09:19:01.906Z
172,APT-Finals-1,1,28,20,2024-10-10T14:37:29.635Z
172,duogesto,32,15,11,2024-10-10T09:03:16.013Z
177,Diese-2,0,0,,
182,Diese-1,32,8,20,2024-10-10T09:02:01.279Z
182,fonograph,27,18,20,2024-10-10T09:19:01.906Z
187,APT-Finals-1,1,27,20,2024-10-10T14:37:29.635Z
187,duogesto,31,12,11,2024-10-10T09:03:16.013Z
71,Diese-2,0,0,,
75,Diese-1,25,22,20,2024-10-10T09:02:01.279Z
75,Sanromolo,1,18,27,2024-10-10T11:10:45.976Z
79,Diese-1,25,22,20,2024-10-10T09:02:01.279Z
83,APT-Finals-2,3,30,3,2024-10-10T11:07:23.488Z
83,Sanromolo,1,30,27,2024-10-10T11:10:45.976Z
87,Diese-2,0,0,,
91,APT-Finals-2,4,28,3,2024-10-10T11:07:23.488Z
91,Sanromolo,1,28,27,2024-10-10T11:10:45.976Z
95,Diese-1,27,17,20,2024-10-10T09:02:01.279Z
99,Diese-1,28,17,20,2024-10-10T09:02:01.279Z
103,APT-Finals-2,7,31,3,2024-10-10T11:07:23.488Z
108,CookingNonna,2,32,15,2024-10-10T11:33:10.113Z
108,fonograph,27,26,20,2024-10-10T09:19:01.906Z
112,CookingNonna,3,31,15,2024-10-10T11:33:10.113Z
116,Diese-2,0,0,,
116,Sanromolo,2,31,27,2024-10-10T11:10:45.976Z
120,APT-Finals-2,8,29,3,2024-10-10T11:07:23.488Z
125,APT-Finals-1,0,0,,
125,duogesto,32,15,11,2024-10-10T09:03:16.013Z
129,Diese-1,31,12,20,2024-10-10T09:02:01.279Z
133,Diese-1,29,13,20,2024-10-10T09:02:01.279Z
133,fonograph,27,19,20,2024-10-10T09:19:01.906Z
137,Diese-2,0,0,,
141,CookingNonna,5,27,15,2024-10-10T11:33:10.113Z
141,fonograph,27,20,20,2024-10-10T09:19:01.906Z
145,CookingNonna,5,27,15,2024-10-10T11:33:10.113Z
149,Diese-1,31,9,20,2024-10-10T09:02:01.279Z
153,Diese-1,31,11,20,2024-10-10T09:02:01.279Z
157,APT-Finals-2,11,25,3,2024-10-10T11:07:23.488Z
162,APT-Finals-2,11,24,3,2024-10-10T11:07:23.488Z
162,Sanromolo,5,31,27,2024-10-10T11:10:45.976Z
167,Diese-1,31,9,20,2024-10-10T09:02:01.279Z
167,CookingNonna,6,35,15,2024-10-10T11:33:10.113Z
167,Sanromolo,5,32,27,2024-10-10T11:10:45.976Z
172,APT-Finals-2,12,26,3,2024-10-10T11:07:23.488Z
177,Diese-1,30,9,20,2024-10-10T09:02:01.279Z
177,fonograph,28,18,20,2024-10-10T09:19:01.906Z
182,CookingNonna,7,34,15,2024-10-10T11:33:10.113Z
187,Diese-1,31,15,20,2024-10-10T09:02:01.279Z
71,APT-Finals-1,0,0,,
71,fonograph,20,30,20,2024-10-10T09:19:01.906Z
75,Diese-2,0,0,,
79,Diese-2,0,0,,
83,Diese-1,25,18,20,2024-10-10T09:02:01.279Z
83,fonograph,21,32,20,2024-10-10T09:19:01.906Z
88,APT-Finals-1,0,0,,
88,duogesto,30,18,11,2024-10-10T09:03:16.013Z
92,APT-Finals-1,0,0,,
92,duogesto,31,18,11,2024-10-10T09:03:16.013Z
96,APT-Finals-1,0,0,,
96,duogesto,31,18,11,2024-10-10T09:03:16.013Z
100,APT-Finals-1,0,0,,
100,duogesto,32,18,11,2024-10-10T09:03:16.013Z
104,APT-Finals-1,0,0,,
104,duogesto,32,17,11,2024-10-10T09:03:16.013Z
108,APT-Finals-2,8,30,3,2024-10-10T11:07:23.488Z
112,Diese-2,0,0,,
116,Diese-1,31,16,20,2024-10-10T09:02:01.279Z
120,Diese-2,0,0,,
120,Sanromolo,2,30,27,2024-10-10T11:10:45.976Z
125,APT-Finals-2,9,29,3,2024-10-10T11:07:23.488Z
129,CookingNonna,5,28,15,2024-10-10T11:33:10.113Z
129,fonograph,26,22,20,2024-10-10T09:19:01.906Z
133,Diese-2,0,0,,
133,Sanromolo,2,16,27,2024-10-10T11:10:45.976Z
137,Diese-1,30,12,20,2024-10-10T09:02:01.279Z
137,Sanromolo,2,25,27,2024-10-10T11:10:45.976Z
141,Diese-1,30,10,20,2024-10-10T09:02:01.279Z
145,Diese-2,0,0,,
149,Diese-2,0,0,,
149,Sanromolo,4,29,27,2024-10-10T11:10:45.976Z
153,Diese-2,0,0,,
153,Sanromolo,4,26,27,2024-10-10T11:10:45.976Z
157,Diese-2,0,0,,
162,CookingNonna,6,26,15,2024-10-10T11:33:10.113Z
167,APT-Finals-2,12,25,3,2024-10-10T11:07:23.488Z
172,Diese-1,31,9,20,2024-10-10T09:02:01.279Z
178,APT-Finals-1,1,28,20,2024-10-10T14:37:29.635Z
178,duogesto,32,15,11,2024-10-10T09:03:16.013Z
182,Diese-2,0,0,,
187,CookingNonna,6,34,15,2024-10-10T11:33:10.113Z
187,Sanromolo,7,32,27,2024-10-10T11:10:45.976Z
72,APT-Finals-1,0,0,,
76,APT-Finals-1,0,0,,
76,duogesto,30,20,11,2024-10-10T09:03:16.013Z
80,APT-Finals-1,0,0,,
80,duogesto,30,20,11,2024-10-10T09:03:16.013Z
84,APT-Finals-1,0,0,,
84,duogesto,30,19,11,2024-10-10T09:03:16.013Z
88,APT-Finals-2,4,30,3,2024-10-10T11:07:23.488Z
92,Diese-1,26,17,20,2024-10-10T09:02:01.279Z
92,fonograph,24,32,20,2024-10-10T09:19:01.906Z
96,CookingNonna,2,34,15,2024-10-10T11:33:10.113Z
100,CookingNonna,3,31,15,2024-10-10T11:33:10.113Z
104,APT-Finals-2,7,31,3,2024-10-10T11:07:23.488Z
104,CookingNonna,3,31,15,2024-10-10T11:33:10.113Z
104,fonograph,26,28,20,2024-10-10T09:19:01.906Z
108,Diese-1,29,16,20,2024-10-10T09:02:01.279Z
113,APT-Finals-1,0,0,,
113,duogesto,32,16,11,2024-10-10T09:03:16.013Z
117,APT-Finals-1,0,0,,
117,duogesto,32,14,11,2024-10-10T09:03:16.013Z
121,APT-Finals-1,0,0,,
121,duogesto,31,14,11,2024-10-10T09:03:16.013Z
125,CookingNonna,4,30,15,2024-10-10T11:33:10.113Z
125,Diese-1,31,13,20,2024-10-10T09:02:01.279Z
125,fonograph,27,21,20,2024-10-10T09:19:01.906Z
129,APT-Finals-2,10,28,3,2024-10-10T11:07:23.488Z
134,APT-Finals-1,0,0,,
134,duogesto,32,18,11,2024-10-10T09:03:16.013Z
138,CookingNonna,5,26,15,2024-10-10T11:33:10.113Z
138,duogesto,32,17,11,2024-10-10T09:03:16.013Z
142,APT-Finals-1,0,0,,
142,duogesto,31,18,11,2024-10-10T09:03:16.013Z
146,APT-Finals-1,0,0,,
146,duogesto,32,17,11,2024-10-10T09:03:16.013Z
150,APT-Finals-1,0,0,,
150,duogesto,30,18,11,2024-10-10T09:03:16.013Z
157,CookingNonna,6,28,15,2024-10-10T11:33:10.113Z
162,Diese-1,31,9,20,2024-10-10T09:02:01.279Z
168,APT-Finals-1,0,0,,
168,duogesto,32,15,11,2024-10-10T09:03:16.013Z
173,APT-Finals-1,1,28,20,2024-10-10T14:37:29.635Z
173,duogesto,32,15,11,2024-10-10T09:03:16.013Z
178,CookingNonna,6,33,15,2024-10-10T11:33:10.113Z
178,fonograph,28,18,20,2024-10-10T09:19:01.906Z
183,APT-Finals-1,1,26,20,2024-10-10T14:37:29.635Z
183,duogesto,31,15,11,2024-10-10T09:03:16.013Z
187,Diese-2,0,0,,
72,CookingNonna,0,0,,
72,Sanromolo,1,20,27,2024-10-10T11:10:45.976Z
76,APT-Finals-2,2,26,3,2024-10-10T11:07:23.488Z
76,Sanromolo,1,24,27,2024-10-10T11:10:45.976Z
80,Diese-1,24,21,20,2024-10-10T09:02:01.279Z
80,fonograph,21,31,20,2024-10-10T09:19:01.906Z
84,Diese-1,24,20,20,2024-10-10T09:02:01.279Z
84,fonograph,21,32,20,2024-10-10T09:19:01.906Z
88,CookingNonna,2,36,15,2024-10-10T11:33:10.113Z
92,APT-Finals-2,4,31,3,2024-10-10T11:07:23.488Z
96,Diese-1,28,17,20,2024-10-10T09:02:01.279Z
96,Sanromolo,1,28,27,2024-10-10T11:10:45.976Z
100,APT-Finals-2,5,32,3,2024-10-10T11:07:23.488Z
104,Diese-1,29,16,20,2024-10-10T09:02:01.279Z
104,Sanromolo,1,27,27,2024-10-10T11:10:45.976Z
108,Diese-2,0,0,,
108,Sanromolo,2,34,27,2024-10-10T11:10:45.976Z
113,CookingNonna,4,31,15,2024-10-10T11:33:10.113Z
117,Diese-2,0,0,,
117,fonograph,27,23,20,2024-10-10T09:19:01.906Z
121,APT-Finals-2,8,29,3,2024-10-10T11:07:23.488Z
121,Diese-1,29,13,20,2024-10-10T09:02:01.279Z
121,CookingNonna,4,31,15,2024-10-10T11:33:10.113Z
121,fonograph,26,21,20,2024-10-10T09:19:01.906Z
121,Sanromolo,2,30,27,2024-10-10T11:10:45.976Z
125,Diese-2,0,0,,
125,Sanromolo,2,27,27,2024-10-10T11:10:45.976Z
130,APT-Finals-1,0,0,,
130,duogesto,32,15,11,2024-10-10T09:03:16.013Z
134,APT-Finals-2,10,27,3,2024-10-10T11:07:23.488Z
134,fonograph,27,20,20,2024-10-10T09:19:01.906Z
138,APT-Finals-1,0,0,,
138,Sanromolo,2,25,27,2024-10-10T11:10:45.976Z
142,Diese-2,0,0,,
142,Sanromolo,2,24,27,2024-10-10T11:10:45.976Z
146,CookingNonna,6,27,15,2024-10-10T11:33:10.113Z
146,fonograph,27,19,20,2024-10-10T09:19:01.906Z
150,CookingNonna,5,28,15,2024-10-10T11:33:10.113Z
150,fonograph,26,18,20,2024-10-10T09:19:01.906Z
157,Diese-1,31,9,20,2024-10-10T09:02:01.279Z
157,Sanromolo,4,28,27,2024-10-10T11:10:45.976Z
163,APT-Finals-1,0,0,,
163,duogesto,33,15,11,2024-10-10T09:03:16.013Z
168,Diese-1,31,9,20,2024-10-10T09:02:01.279Z
173,APT-Finals-2,13,25,3,2024-10-10T11:07:23.488Z
178,APT-Finals-2,13,24,3,2024-10-10T11:07:23.488Z
178,Sanromolo,6,32,27,2024-10-10T11:10:45.976Z
183,APT-Finals-2,15,24,3,2024-10-10T11:07:23.488Z
183,fonograph,28,18,20,2024-10-10T09:19:01.906Z
187,APT-Finals-2,13,23,3,2024-10-10T11:07:23.488Z
187,fonograph,28,18,20,2024-10-10T09:19:01.906Z
72,Diese-2,0,0,,
72,fonograph,20,30,20,2024-10-10T09:19:01.906Z
76,Diese-2,0,0,,
76,fonograph,20,33,20,2024-10-10T09:19:01.906Z
80,CookingNonna,1,34,15,2024-10-10T11:33:10.113Z
80,Sanromolo,1,17,27,2024-10-10T11:10:45.976Z
84,APT-Finals-2,3,29,3,2024-10-10T11:07:23.488Z
84,CookingNonna,1,30,15,2024-10-10T11:33:10.113Z
84,Sanromolo,1,30,27,2024-10-10T11:10:45.976Z
88,Diese-1,26,17,20,2024-10-10T09:02:01.279Z
88,Sanromolo,1,28,27,2024-10-10T11:10:45.976Z
92,Diese-2,0,0,,
92,Sanromolo,1,29,27,2024-10-10T11:10:45.976Z
96,Diese-2,0,0,,
96,fonograph,24,30,20,2024-10-10T09:19:01.906Z
100,Diese-2,0,0,,
100,fonograph,26,28,20,2024-10-10T09:19:01.906Z
104,Diese-2,0,0,,
109,APT-Finals-1,0,0,,
109,duogesto,32,17,11,2024-10-10T09:03:16.013Z
113,APT-Finals-2,8,30,3,2024-10-10T11:07:23.488Z
117,APT-Finals-2,9,30,3,2024-10-10T11:07:23.488Z
121,Diese-2,0,0,,
126,APT-Finals-1,0,0,,
126,duogesto,31,15,11,2024-10-10T09:03:16.013Z
130,CookingNonna,4,28,15,2024-10-10T11:33:10.113Z
134,CookingNonna,5,27,15,2024-10-10T11:33:10.113Z
134,Sanromolo,2,17,27,2024-10-10T11:10:45.976Z
138,APT-Finals-2,11,26,3,2024-10-10T11:07:23.488Z
142,APT-Finals-2,10,27,3,2024-10-10T11:07:23.488Z
146,Diese-2,0,0,,
146,Sanromolo,4,30,27,2024-10-10T11:10:45.976Z
150,Diese-2,0,0,,
158,APT-Finals-1,0,0,,
158,duogesto,33,13,11,2024-10-10T09:03:16.013Z
163,APT-Finals-2,11,26,3,2024-10-10T11:07:23.488Z
163,Sanromolo,5,31,27,2024-10-10T11:10:45.976Z
168,Diese-2,0,0,,
168,Sanromolo,6,32,27,2024-10-10T11:10:45.976Z
173,CookingNonna,7,32,15,2024-10-10T11:33:10.113Z
173,fonograph,28,18,20,2024-10-10T09:19:01.906Z
178,Diese-1,30,9,20,2024-10-10T09:02:01.279Z
183,Diese-2,0,0,,
72,APT-Finals-2,2,28,3,2024-10-10T11:07:23.488Z
72,duogesto,30,21,11,2024-10-10T09:03:16.013Z
76,CookingNonna,0,0,,
80,APT-Finals-2,3,33,3,2024-10-10T11:07:23.488Z
84,Diese-2,0,0,,
88,Diese-2,0,0,,
88,fonograph,23,32,20,2024-10-10T09:19:01.906Z
92,CookingNonna,3,32,15,2024-10-10T11:33:10.113Z
96,APT-Finals-2,5,34,3,2024-10-10T11:07:23.488Z
100,Diese-1,28,18,20,2024-10-10T09:02:01.279Z
100,Sanromolo,1,24,27,2024-10-10T11:10:45.976Z
105,APT-Finals-1,0,0,,
105,duogesto,32,17,11,2024-10-10T09:03:16.013Z
109,APT-Finals-2,8,30,3,2024-10-10T11:07:23.488Z
113,Diese-2,0,0,,
113,fonograph,26,25,20,2024-10-10T09:19:01.906Z
117,Diese-1,30,15,20,2024-10-10T09:02:01.279Z
122,APT-Finals-1,0,0,,
122,duogesto,32,15,11,2024-10-10T09:03:16.013Z
126,Diese-1,31,13,20,2024-10-10T09:02:01.279Z
130,APT-Finals-2,10,28,3,2024-10-10T11:07:23.488Z
134,Diese-2,0,0,,
138,Diese-2,0,0,,
138,fonograph,27,20,20,2024-10-10T09:19:01.906Z
142,CookingNonna,4,26,15,2024-10-10T11:33:10.113Z
142,fonograph,26,19,20,2024-10-10T09:19:01.906Z
146,APT-Finals-2,11,27,3,2024-10-10T11:07:23.488Z
150,Diese-1,31,9,20,2024-10-10T09:02:01.279Z
158,APT-Finals-2,11,25,3,2024-10-10T11:07:23.488Z
158,fonograph,26,18,20,2024-10-10T09:19:01.906Z
163,Diese-2,0,0,,
168,CookingNonna,7,35,15,2024-10-10T11:33:10.113Z
168,fonograph,28,18,20,2024-10-10T09:19:01.906Z
173,Diese-1,31,10,20,2024-10-10T09:02:01.279Z
173,Sanromolo,6,32,27,2024-10-10T11:10:45.976Z
178,Diese-2,0,0,,
183,Diese-1,32,8,20,2024-10-10T09:02:01.279Z
183,Sanromolo,6,32,27,2024-10-10T11:10:45.976Z
72,Diese-1,26,23,20,2024-10-10T09:02:01.279Z
76,Diese-1,25,23,20,2024-10-10T09:02:01.279Z
80,Diese-2,0,0,,
85,APT-Finals-1,0,0,,
85,duogesto,30,19,11,2024-10-10T09:03:16.013Z
89,APT-Finals-1,0,0,,
89,duogesto,31,18,11,2024-10-10T09:03:16.013Z
93,APT-Finals-1,0,0,,
93,duogesto,31,18,11,2024-10-10T09:03:16.013Z
97,APT-Finals-1,0,0,,
97,duogesto,31,17,11,2024-10-10T09:03:16.013Z
101,APT-Finals-1,0,0,,
101,duogesto,32,17,11,2024-10-10T09:03:16.013Z
105,CookingNonna,4,31,15,2024-10-10T11:33:10.113Z
105,fonograph,27,28,20,2024-10-10T09:19:01.906Z
109,CookingNonna,2,32,15,2024-10-10T11:33:10.113Z
109,Sanromolo,2,35,27,2024-10-10T11:10:45.976Z
113,Diese-1,30,15,20,2024-10-10T09:02:01.279Z
113,Sanromolo,2,33,27,2024-10-10T11:10:45.976Z
117,CookingNonna,3,31,15,2024-10-10T11:33:10.113Z
117,Sanromolo,2,30,27,2024-10-10T11:10:45.976Z
122,APT-Finals-2,8,29,3,2024-10-10T11:07:23.488Z
126,Diese-2,0,0,,
126,fonograph,27,22,20,2024-10-10T09:19:01.906Z
130,Diese-2,0,0,,
130,fonograph,27,22,20,2024-10-10T09:19:01.906Z
134,Diese-1,30,14,20,2024-10-10T09:02:01.279Z
138,Diese-1,30,12,20,2024-10-10T09:02:01.279Z
142,Diese-1,27,10,20,2024-10-10T09:02:01.279Z
146,Diese-1,31,10,20,2024-10-10T09:02:01.279Z
150,APT-Finals-2,11,25,3,2024-10-10T11:07:23.488Z
150,Sanromolo,4,29,27,2024-10-10T11:10:45.976Z
158,CookingNonna,5,26,15,2024-10-10T11:33:10.113Z
163,CookingNonna,6,35,15,2024-10-10T11:33:10.113Z
168,APT-Finals-2,13,26,3,2024-10-10T11:07:23.488Z
173,Diese-2,0,0,,
179,APT-Finals-1,1,28,20,2024-10-10T14:37:29.635Z
179,duogesto,32,15,11,2024-10-10T09:03:16.013Z
183,CookingNonna,7,34,15,2024-10-10T11:33:10.113Z
68,fonograph,19,35,20,2024-10-10T09:19:01.906Z
158,Diese-2,0,0,,
158,Sanromolo,4,28,27,2024-10-10T11:10:45.976Z
163,Diese-1,31,9,20,2024-10-10T09:02:01.279Z
163,fonograph,27,18,20,2024-10-10T09:19:01.906Z
169,APT-Finals-1,1,26,20,2024-10-10T14:37:29.635Z
169,duogesto,30,15,11,2024-10-10T09:03:16.013Z
174,APT-Finals-1,1,28,20,2024-10-10T14:37:29.635Z
174,duogesto,32,15,11,2024-10-10T09:03:16.013Z
179,CookingNonna,7,34,15,2024-10-10T11:33:10.113Z
184,APT-Finals-1,1,26,20,2024-10-10T14:37:29.635Z
184,duogesto,31,15,11,2024-10-10T09:03:16.013Z
